name,company,year,kms_driven,fuel_type,transmission,Price_USD,country,source
Excellent 2022 Honda Pilot Special Edition,Honda,2022,,Petrol,Unknown,15800.0,USA,craigslist_sfbay
2015 Ford Mustang Premium Ecoboost,Ford,2015,,Petrol,Unknown,16500.0,USA,craigslist_sfbay
2017 MERCEDES BENZ C300 CLEAN TITLE LOW MILES,Mercedes,2017,,Petrol,Unknown,15999.0,USA,craigslist_sfbay
2007 MERCEDES BENZ SLK350 HARDTOP CONVERTIBLE CLEAN TITLE LOW MILES,Mercedes,2007,,Petrol,Unknown,12999.0,USA,craigslist_sfbay
2005 Toyota Sequoia Limited 4x4 w/ diff lock,Toyota,2005,,Petrol,Unknown,9900.0,USA,craigslist_sfbay
2007 Toyota Prius Hybrid 127K Clean Title Hybrid Healthy 45+ Mpg,Toyota,2007,,Petrol,Unknown,4600.0,USA,craigslist_sfbay
2007 Acura TL Type-S – Manual – 82.5K Miles – Silver,Acura,2007,,Petrol,Unknown,25000.0,USA,craigslist_sfbay
2019 Toyota Camry XSE ( Low Mileage ) 4D Sedan,Toyota,2019,,Petrol,Unknown,20800.0,USA,craigslist_sfbay
2015 BMW 228i Apple Carplay,BMW,2015,,Petrol,Unknown,9600.0,USA,craigslist_sfbay
2009 Nissan Murano SL AWDRIVE,Nissan,2009,,Petrol,Unknown,3500.0,USA,craigslist_sfbay
2009 Nissan Murano SL AWD,Nissan,2009,,Petrol,Unknown,3500.0,USA,craigslist_sfbay
"2012 Dodge Ram 1500 V8 5.7L hemi  - 1 owner, 60k miles",Dodge,2012,,Petrol,Unknown,16700.0,USA,craigslist_sfbay
2006 Chevrolet Silverado 2500 Crew 4x4 6.0L 8ft bed - low mileage,Chevrolet,2006,,Petrol,Unknown,15500.0,USA,craigslist_sfbay
2011 Subaru outback 3.6r limited awd,Subaru,2011,,Petrol,Unknown,7000.0,USA,craigslist_sfbay
"2004 Toyota Sienna Minivan XLE 116,031 miles!!",Toyota,2004,,Petrol,Unknown,4999.0,USA,craigslist_sfbay
One owner 2018 Honda CRV EX,Honda,2018,,Petrol,Unknown,17800.0,USA,craigslist_sfbay
2008 Land Rover Range Rover,Land,2008,,Petrol,Unknown,10000.0,USA,craigslist_sfbay
"2009 Nissan Altima 2.5S Coupe – $3,500 OBO",Nissan,2009,,Petrol,Unknown,3500.0,USA,craigslist_sfbay
2017 Ford Fusion SE,Ford,2017,,Petrol,Unknown,10000.0,USA,craigslist_sfbay
2017 Honda CRV,Honda,2017,,Petrol,Unknown,12500.0,USA,craigslist_sfbay
2014 FORD FOCUS SE EXCELLENT CONDITION LOW MILES GAS SAVER,Ford,2014,,Petrol,Unknown,5000.0,USA,craigslist_sfbay
2011 BMW 5 series,BMW,2011,,Petrol,Unknown,4000.0,USA,craigslist_sfbay
2016 Nissan Altima S,Nissan,2016,,Petrol,Unknown,3000.0,USA,craigslist_sfbay
2007 Ford Focus,Ford,2007,,Petrol,Unknown,2300.0,USA,craigslist_sfbay
2010 Subaru Forester 2.5 Premium AWD,Subaru,2010,,Petrol,Unknown,5500.0,USA,craigslist_sfbay
2003 toyota tundra v6 ( mechanic special),Toyota,2003,,Petrol,Unknown,2795.0,USA,craigslist_sfbay
2020 Ford escape SE all wheel drive,Ford,2020,,Petrol,Unknown,9900.0,USA,craigslist_sfbay
"2014 Forest Explorer Limited, 4 x 4",2014,2014,,Petrol,Unknown,8500.0,USA,craigslist_sfbay
2010 Mercedes GLK 350- BEAUTIFUL SPORT LUXURY S. U. V.- SMOGGED TODAY-,Mercedes,2010,,Petrol,Unknown,6900.0,USA,craigslist_sfbay
2007 Subaru Outback Wagon,Subaru,2007,,Petrol,Unknown,5500.0,USA,craigslist_sfbay
2003 BMW 330i Mechanic Special ZHP Sports Package,BMW,2003,,Petrol,Unknown,1000.0,USA,craigslist_sfbay
2008 Acura MDX,Acura,2008,,Petrol,Unknown,3500.0,USA,craigslist_sfbay
"2008 INFINITI FX35, NICE/CLEAN IN AND OUT. ONLY 127K MILES . EXCEL",Infiniti,2008,,Petrol,Unknown,4750.0,USA,craigslist_sfbay
2003 Ford F250 Super Duty Extended Cab Work Truck,Ford,2003,,Petrol,Unknown,6900.0,USA,craigslist_sfbay
2017 jeep cherokee  trailhawk,Jeep,2017,,Petrol,Unknown,7900.0,USA,craigslist_sfbay
2007 gmc  saturn outlook,GMC,2007,,Petrol,Unknown,4400.0,USA,craigslist_sfbay
2017 Chevrolet Silverado 3500HD Enclosed Service Truck,Chevrolet,2017,,Petrol,Unknown,14900.0,USA,craigslist_sfbay
2004 Ford E450 Super Duty Box Truck Van Low Miles,Ford,2004,,Petrol,Unknown,8900.0,USA,craigslist_sfbay
"""Excellent Condition"" 2020 Nissan Pathfinder SV 2WD ""Salvage Title""",Nissan,2020,,Petrol,Unknown,12999.0,USA,craigslist_sfbay
"2020 BMW X7 xDrive40i — Fully Loaded, 1-Owner, Captain's Chairs",BMW,2020,,Petrol,Unknown,28000.0,USA,craigslist_sfbay
2017 Kia optima Clean Title,Kia,2017,,Petrol,Unknown,7500.0,USA,craigslist_sfbay
"2015 Subaru forester, newer engine, needs TLC, clean title",Subaru,2015,,Petrol,Unknown,7000.0,USA,craigslist_sfbay
2007 BMW 530xi,BMW,2007,,Petrol,Unknown,3500.0,USA,craigslist_sfbay
GMC YUKON DENALI 2015 4WD - First Owner,GMC,2015,,Petrol,Unknown,23000.0,USA,craigslist_sfbay
2007 nissan altima 2.5s 1owner smog runs excellent,Nissan,2007,,Petrol,Unknown,4499.0,USA,craigslist_sfbay
2013 Ford Escape SEL EcoBoost - for parts or repair,Ford,2013,,Petrol,Unknown,1000.0,USA,craigslist_sfbay
2006 Ford F-150 FOR SALE,Ford,2006,,Petrol,Unknown,2500.0,USA,craigslist_sfbay
BMW 5 Series 2006,BMW,2006,,Petrol,Unknown,4500.0,USA,craigslist_sfbay
Buick Encore 2016,Buick,2016,,Petrol,Unknown,7900.0,USA,craigslist_sfbay
2010 Ford F150 4x4 Lariat Low Milage One Owner,Ford,2010,,Petrol,Unknown,17400.0,USA,craigslist_sfbay
EXCELLENT HONDA ACCORD 2016,Honda,2016,,Petrol,Unknown,16500.0,USA,craigslist_sfbay
2004 Lexus GX 470 Low Milage One Owner,Lexus,2004,,Petrol,Unknown,14850.0,USA,craigslist_sfbay
2001 silverado/short bed/clean title,2001,2001,,Petrol,Unknown,13500.0,USA,craigslist_sfbay
2005 Mercedes ML 350- All Wheel Drive-Smogged-Runs Great-Very Clean,Mercedes,2005,,Petrol,Unknown,3500.0,USA,craigslist_sfbay
2014 Chevrolet sonic LT,Chevrolet,2014,,Petrol,Unknown,4300.0,USA,craigslist_sfbay
2019 Hyundai Veloster Base – Clean Title,Hyundai,2019,,Petrol,Unknown,11999.0,USA,craigslist_sfbay
Mazda CX7 2010,Mazda,2010,,Petrol,Unknown,4200.0,USA,craigslist_sfbay
2000 Subaru Legacy GT Limited AWD,Subaru,2000,,Petrol,Unknown,1625.0,USA,craigslist_sfbay
"2008 Lexus RX400h, Runs Great",Lexus,2008,,Petrol,Unknown,6700.0,USA,craigslist_sfbay
2012 Chevy Cruze Sedan in Great Running Condition,Chevy,2012,,Petrol,Unknown,3950.0,USA,craigslist_sfbay
2002 Volkswagen Eurovan,Volkswagen,2002,,Petrol,Unknown,15800.0,USA,craigslist_sfbay
"2012 Jeep Wrangler Rubicon 2 Door - 60K Miles, Many Upgrades",Jeep,2012,,Petrol,Unknown,24000.0,USA,craigslist_sfbay
"2008 Lexus RX350, awd",Lexus,2008,,Petrol,Unknown,9850.0,USA,craigslist_sfbay
2010 Subaru Legacy AWD,Subaru,2010,,Petrol,Unknown,1999.0,USA,craigslist_sfbay
2013 Audi Q5 2.0T Quattro Premium Plus,Audi,2013,,Petrol,Unknown,7900.0,USA,craigslist_sfbay
2003 BMW 325xi AWD,BMW,2003,,Petrol,Unknown,5800.0,USA,craigslist_sfbay
2004 Honda CR - V,Honda,2004,,Petrol,Unknown,5200.0,USA,craigslist_sfbay
2008 Volkswagen Jetta 5spd Manual 128K Miles All Service Done,Volkswagen,2008,,Petrol,Unknown,4600.0,USA,craigslist_sfbay
"2012 Kia soul +, 90k mile 1-owner",Kia,2012,,Petrol,Unknown,4990.0,USA,craigslist_sfbay
2000 Lexus LX470,Lexus,2000,,Petrol,Unknown,19300.0,USA,craigslist_sfbay
2008 Mercedes - Benz GL450 4Matic,Mercedes,2008,,Petrol,Unknown,8000.0,USA,craigslist_sfbay
2015 BMW M235i Convertible,BMW,2015,,Petrol,Unknown,17500.0,USA,craigslist_sfbay
2009 Toyota Camry hybrid 174k miles hybrid battery working great,Toyota,2009,,Petrol,Unknown,4850.0,USA,craigslist_sfbay
2011 Jeep Wrangler Unlimited Sport 4-Door,Jeep,2011,,Petrol,Unknown,7000.0,USA,craigslist_sfbay
"2005 Honda CR-V LX — $3,500 OBO 218k mi · Clean title · CA smog passed",Honda,2005,,Petrol,Unknown,3500.0,USA,craigslist_sfbay
2009 ford crown Victoria police interceptor 97k low miles,Ford,2009,,Petrol,Unknown,3300.0,USA,craigslist_sfbay
2009 VW NEW BEETLE CONVERTIBLE,VW,2009,,Petrol,Unknown,6000.0,USA,craigslist_sfbay
1996 Toyota Tacoma 2WD,Toyota,1996,,Petrol,Unknown,4900.0,USA,craigslist_sfbay
"2018 Honda Accord EX-L Pearl White | 82K Miles | Clean Title | $20,000",Honda,2018,,Petrol,Unknown,20000.0,USA,craigslist_sfbay
1999 Dodge Caravan just smogged Clean title air conditioning,Dodge,1999,,Petrol,Unknown,2395.0,USA,craigslist_sfbay
2002 Dodge 2500 Cummins,Dodge,2002,,Petrol,Unknown,22000.0,USA,craigslist_sfbay
"2002 Lexus SC430 - new shocks, timing belt, tires - SC 430 - OBO",Lexus,2002,,Petrol,Unknown,14900.0,USA,craigslist_sfbay
Land Rover Range Rover Evoque 2018,Land,2018,,Petrol,Unknown,17000.0,USA,craigslist_sfbay
2003 Honda Pilot Low Miles 117k original,Honda,2003,,Petrol,Unknown,3300.0,USA,craigslist_sfbay
2005 Honda Crv awd loaded 2owners only 136k miles 4cyl great on gas,Honda,2005,,Petrol,Unknown,5900.0,USA,craigslist_sfbay
2009 BMW Z4 sDrive30i Hardtop Convertible Coupe,BMW,2009,,Petrol,Unknown,21250.0,USA,craigslist_sfbay
2011 Toyota RAV4 4 Limited SUV,Toyota,2011,,Petrol,Unknown,9600.0,USA,craigslist_sfbay
"2010 Toyota Corolla LE 33,000 Original Miles Immaculate Condition",Toyota,2010,,Petrol,Unknown,12900.0,USA,craigslist_sfbay
2018 Tesla Model 3 Long Range LR AWD Black on Black,Tesla,2018,,Petrol,Unknown,19998.0,USA,craigslist_sfbay
2012 Lexus CT 200H F sport,Lexus,2012,,Petrol,Unknown,9600.0,USA,craigslist_sfbay
2022 Ford Transit 150 Cargo Van Long Wheel Base (1- Owner) F150,Ford,2022,,Petrol,Unknown,17900.0,USA,craigslist_sfbay
2004 TOYOTA SEQUOIA SR5,Toyota,2004,,Petrol,Unknown,7900.0,USA,craigslist_sfbay
2009 Toyota Camry 4cylinder,Toyota,2009,,Petrol,Unknown,4800.0,USA,craigslist_sfbay
2011 BMW X5 Xdrive35I,BMW,2011,,Petrol,Unknown,7900.0,USA,craigslist_sfbay
2014 Volkswagen Tiguan TSI 4MOTION AWD Clean Title,Volkswagen,2014,,Petrol,Unknown,3950.0,USA,craigslist_sfbay
2009 Ford F250,Ford,2009,,Petrol,Unknown,18000.0,USA,craigslist_sfbay
2023 Jeep Wrangler Unlimited Sport S,Jeep,2023,,Petrol,Unknown,26500.0,USA,craigslist_sfbay
2000 TOYOTA 4RUNNER SR5 4X4,Toyota,2000,,Petrol,Unknown,12500.0,USA,craigslist_sfbay
2007 Toyota Camry - 1-Owner /Low Mileage,Toyota,2007,,Petrol,Unknown,4799.0,USA,craigslist_sfbay
2017 Toyota Sienna LE,Toyota,2017,,Petrol,Unknown,17000.0,USA,craigslist_sfbay
2006 Toyota tundra SR5,Toyota,2006,,Petrol,Unknown,24500.0,USA,craigslist_sfbay
2012 Subaru Forester 2.5. Premium. Awd Winter Pkg,Subaru,2012,,Petrol,Unknown,3950.0,USA,craigslist_sfbay
2014 HONDA ODYSSEY EX-LIMITED WHITE FAMILY VAN 8 PASSENGER TOURING,Honda,2014,,Petrol,Unknown,9900.0,USA,craigslist_sfbay
2006 Dodge Charger R/T,Dodge,2006,,Petrol,Unknown,5000.0,USA,craigslist_sfbay
2006 PontiacGTO,2006,2006,,Petrol,Unknown,12000.0,USA,craigslist_sfbay
1996 Impala SS Low Mileage Car,1996,1996,,Petrol,Unknown,35000.0,USA,craigslist_sfbay
1991 Subaru Legacy,Subaru,1991,,Petrol,Unknown,2500.0,USA,craigslist_sfbay
1999 Toyota sienna,Toyota,1999,,Petrol,Unknown,2300.0,USA,craigslist_sfbay
"2006 Toyota Sienna LE, clean title",Toyota,2006,,Petrol,Unknown,4850.0,USA,craigslist_sfbay
2001 honda accord,Honda,2001,,Petrol,Unknown,1900.0,USA,craigslist_sfbay
2011 FORD TRANSIT CONNECT XL,Ford,2011,,Petrol,Unknown,7500.0,USA,craigslist_sfbay
"2003 Toyota Camry Runs & Drives Clean Title, As is $1200 OBO",Toyota,2003,,Petrol,Unknown,1200.0,USA,craigslist_sfbay
"2010 SUBARU IMPREZA OUTBACK SPORT WAGON, AWD, Automatic",Subaru,2010,,Petrol,Unknown,4700.0,USA,craigslist_sfbay
Dodge Ram 1500 5.7 SLT 2003,Dodge,2003,,Petrol,Unknown,8500.0,USA,craigslist_sfbay
1999 Toyota 4Runner 4WD Limited /Good Condition Clean-Title !!!,Toyota,1999,,Petrol,Unknown,4200.0,USA,craigslist_sfbay
2007 BMW 328i low miles excellent condition,BMW,2007,,Petrol,Unknown,3995.0,USA,craigslist_sfbay
2009 Toyota RAV4 SPORT AWD 3.5 V6,Toyota,2009,,Petrol,Unknown,5900.0,USA,craigslist_sfbay
Audi Q5 2012 Single Owner for Sale in Sunnybale,Audi,2012,,Petrol,Unknown,6338.0,USA,craigslist_sfbay
2008 TOYOTA CAMRY HYBRID LE CLEAN TITLE SMOGGED,Toyota,2008,,Petrol,Unknown,4500.0,USA,craigslist_sfbay
2014 Land Rover Range Rover Sport Supercharged 1 Owner Carfax Smogged!,Land,2014,,Petrol,Unknown,10000.0,USA,craigslist_sfbay
2018 Audi Q5 2.0T,Audi,2018,,Petrol,Unknown,10000.0,USA,craigslist_sfbay
"2007 Honda Accord ,runs great !very well maintained!!",Honda,2007,,Petrol,Unknown,3700.0,USA,craigslist_sfbay
2018 Hyundai Tucson Limited AWD,Hyundai,2018,,Petrol,Unknown,9988.0,USA,craigslist_sfbay
2019 Toyota Camry XSE V6 – Fully Loaded – Wind Chill Pearl – Clean Tit,Toyota,2019,,Petrol,Unknown,26500.0,USA,craigslist_sfbay
2001 Honda Accord Value Package,Honda,2001,,Petrol,Unknown,3500.0,USA,craigslist_sfbay
2013 Ford Focus Titanium 4‑dr Hatchback,Ford,2013,,Petrol,Unknown,3300.0,USA,craigslist_sfbay
2001 HONDA CIVIC LX GAS SAVER 38MPG,Honda,2001,,Petrol,Unknown,2950.0,USA,craigslist_sfbay
2013 BMW Z4,BMW,2013,,Petrol,Unknown,11000.0,USA,craigslist_sfbay
2013 JEEP GRAND CHEROKEE OVERLAND,Jeep,2013,,Petrol,Unknown,9000.0,USA,craigslist_sfbay
2014 Subaru Forester,Subaru,2014,,Petrol,Unknown,6500.0,USA,craigslist_sfbay
2011 BMW 335i convertible,BMW,2011,,Petrol,Unknown,8900.0,USA,craigslist_sfbay
2007 Toyota Prius Touring   Clean Carfax!,Toyota,2007,,Petrol,Unknown,6400.0,USA,craigslist_sfbay
2007 Nissan Titan,Nissan,2007,,Petrol,Unknown,6000.0,USA,craigslist_sfbay
Toyota Corolla Le 2021,Toyota,2021,,Petrol,Unknown,11900.0,USA,craigslist_sfbay
2003 Mazda Miata Convertible,Mazda,2003,,Petrol,Unknown,8950.0,USA,craigslist_sfbay
"2007 BMW 328xi 132,327miles Xdrive AWD 328i CleanTitle 4x4",BMW,2007,,Petrol,Unknown,5000.0,USA,craigslist_sfbay
2016 BMW 535i M-Sport 82k very clean,BMW,2016,,Petrol,Unknown,13500.0,USA,craigslist_sfbay
2002 Dodge Ram 2500 Cummins Turbo Diesel,Dodge,2002,,Petrol,Unknown,22500.0,USA,craigslist_sfbay
2022 Toyota C-HR XLE,Toyota,2022,,Petrol,Unknown,21800.0,USA,craigslist_sfbay
2012 Ford Focus SEL,Ford,2012,,Petrol,Unknown,5300.0,USA,craigslist_sfbay
2012 Honda Accord,Honda,2012,,Petrol,Unknown,4500.0,USA,craigslist_sfbay
2015 Mazda CX-5 Grand Touring,Mazda,2015,,Petrol,Unknown,14800.0,USA,craigslist_sfbay
2012 Ford Mustang V6 Premium,Ford,2012,,Petrol,Unknown,4800.0,USA,craigslist_sfbay
2007 Lexus SC 430 Convertible 2D - REDUCED!!!!,Lexus,2007,,Petrol,Unknown,15000.0,USA,craigslist_sfbay
2013 Subaru BRZ Limited Coupe,Subaru,2013,,Petrol,Unknown,17950.0,USA,craigslist_sfbay
2015 audi A4.,Audi,2015,,Petrol,Unknown,3000.0,USA,craigslist_sfbay
2013 Range Rover Sport Supercharged,2013,2013,,Petrol,Unknown,9500.0,USA,craigslist_sfbay
2004 FORD F-150 - MECHANIC'S SPECIAL,Ford,2004,,Petrol,Unknown,1000.0,USA,craigslist_sfbay
"2009 Ford E150 Van- $14,500 OBO",Ford,2009,,Petrol,Unknown,14500.0,USA,craigslist_sfbay
"2012 Ford Transit Connect  - $13,500 OBO",Ford,2012,,Petrol,Unknown,13500.0,USA,craigslist_sfbay
2000 Honda Accord.. current reg 2026,Honda,2000,,Petrol,Unknown,2500.0,USA,craigslist_sfbay
2005 MERCEDES E500 Sport * LIKE NEW CONDITIONS,Mercedes,2005,,Petrol,Unknown,11000.0,USA,craigslist_sfbay
Volvo V60 2016,Volvo,2016,,Petrol,Unknown,7500.0,USA,craigslist_sfbay
2014 Mercedes-Benz 550SL,2014,2014,,Petrol,Unknown,29000.0,USA,craigslist_sfbay
"2013 LEXUS RX 350 AWD - SUPER CLEAN 112,000 miles",Lexus,2013,,Petrol,Unknown,15750.0,USA,craigslist_sfbay
"1998 Porsche Boxster - 1 Owner, Manual, Factory Hardtop - 71k Miles",Porsche,1998,,Petrol,Unknown,10900.0,USA,craigslist_sfbay
"2019 Prius XLE 65,700 miles",2019,2019,,Petrol,Unknown,17000.0,USA,craigslist_sfbay
2016 Jeep Patriot Latitude 4x4 SUV - 50k Low Miles  - Clean Title,Jeep,2016,,Petrol,Unknown,11000.0,USA,craigslist_sfbay
2010 ford escape,Ford,2010,,Petrol,Unknown,4200.0,USA,craigslist_sfbay
2015 Subaru XV Crosstrek,Subaru,2015,,Petrol,Unknown,8499.0,USA,craigslist_sfbay
2002 Chevy Impala 134k miles,Chevy,2002,,Petrol,Unknown,1850.0,USA,craigslist_sfbay
2013 Mazda3 For Sale,2013,2013,,Petrol,Unknown,3590.0,USA,craigslist_sfbay
2009 Chrysler Town & Country Touring,Chrysler,2009,,Petrol,Unknown,4800.0,USA,craigslist_sfbay
2019 Acura RDX,Acura,2019,,Petrol,Unknown,21999.0,USA,craigslist_sfbay
2010 Subaru Forester – 130K Miles,Subaru,2010,,Petrol,Unknown,6800.0,USA,craigslist_sfbay
"2005 Toyota Camry SE Super Nice car with only 123K miles, Clean title",Toyota,2005,,Petrol,Unknown,4900.0,USA,craigslist_sfbay
2013 FORD ESCAPE SEL • RUNS GREAT • CLEAN TITLE,Ford,2013,,Petrol,Unknown,6200.0,USA,craigslist_sfbay
2005 Subaru Legacy wagon.  Runs & drives. 1500 obo,Subaru,2005,,Petrol,Unknown,1500.0,USA,craigslist_sfbay
2000 honda accord run but 2nd gear is slipping,Honda,2000,,Petrol,Unknown,1300.0,USA,craigslist_sfbay
2006 Mitsubishi Raider XLS Low Miles,Mitsubishi,2006,,Petrol,Unknown,5600.0,USA,craigslist_sfbay
2014 Scion FR-S Monogram Ed Only 64k Miles Auto mechanic special,2014,2014,,Petrol,Unknown,6500.0,USA,craigslist_sfbay
2010 Honda Odyssey EX-L W/DVD,Honda,2010,,Petrol,Unknown,7700.0,USA,craigslist_sfbay
2015 Buick Enclave FWD,Buick,2015,,Petrol,Unknown,4990.0,USA,craigslist_sfbay
2012 Honda Odyssey Touring 8-PASSENGER Minivan Clean Title DVD sienna,Honda,2012,,Petrol,Unknown,8800.0,USA,craigslist_sfbay
2019 Mercedes-Benz GLC 350e Hybrid 4Matic AWD Clean Title glc350,2019,2019,,Petrol,Unknown,12900.0,USA,craigslist_sfbay
2012 Audi A4,Audi,2012,,Petrol,Unknown,3600.0,USA,craigslist_sfbay
2015 Mercedes-Benz GLA 250 4Matic AWD Clean Title LOW MILES gla250,2015,2015,,Petrol,Unknown,8800.0,USA,craigslist_sfbay
2007 Jeep Wrangler X Clean Title ONE OWNER 4WD Only 90K Miles,Jeep,2007,,Petrol,Unknown,10500.0,USA,craigslist_sfbay
2016 Mercedes-Benz GLE 350 Clean Title LOW MILES Automatic gle350,2016,2016,,Petrol,Unknown,12800.0,USA,craigslist_sfbay
2018 Toyota RAV4 LE Clean Title LOW MILES Gas Saver rav-4 crv cr-v,Toyota,2018,,Petrol,Unknown,13800.0,USA,craigslist_sfbay
2023 Nissan Rogue SV Clean Title ONE OWNER Gas Saver LOW MILES,Nissan,2023,,Petrol,Unknown,20800.0,USA,craigslist_sfbay
2001 Chevrolet Silverado 1500 Extended Cab 2nd Owner Super Clean,Chevrolet,2001,,Petrol,Unknown,9799.0,USA,craigslist_sfbay
"Toyota RAV4, 2007 automatic",Toyota,2007,,Petrol,Unknown,5350.0,USA,craigslist_sfbay
2010 Honda Odyssey EX-L Only 148K Miles All Service Done,Honda,2010,,Petrol,Unknown,4400.0,USA,craigslist_sfbay
2010 Honda Accord EX- L Sedan,Honda,2010,,Petrol,Unknown,4800.0,USA,craigslist_sfbay
2006 Chevrolet Express 3500 Cargo 6.0,Chevrolet,2006,,Petrol,Unknown,5300.0,USA,craigslist_sfbay
CAMRY SE 2023 Excellent Condition (Reduced Price),CAMRY,2023,,Petrol,Unknown,21000.0,USA,craigslist_sfbay
2012 BMW 750LI,BMW,2012,,Petrol,Unknown,8900.0,USA,craigslist_sfbay
2013 Honda Civic 4 door sedan,Honda,2013,,Petrol,Unknown,7800.0,USA,craigslist_sfbay
1996 Jeep Cherokee Sport 4x4 Low Miles 142k original,Jeep,1996,,Petrol,Unknown,3800.0,USA,craigslist_sfbay
2022 chevrolet silverado,Chevrolet,2022,,Petrol,Unknown,21999.0,USA,craigslist_sfbay
2013 Mercedes E550 Cabriolet,Mercedes,2013,,Petrol,Unknown,4999.0,USA,craigslist_sfbay
2010 Toyota Camry Hybrid Clean Title,Toyota,2010,,Petrol,Unknown,8200.0,USA,craigslist_sfbay
"2015 Smart Car – Great MPG, Easy to Park",2015,2015,,Petrol,Unknown,3900.0,USA,craigslist_sfbay
2008 Chrysler-300-LX,2008,2008,,Petrol,Unknown,2300.0,USA,craigslist_sfbay
2008 Mercedes Benz SLK 280 Convertible Runs Great,Mercedes,2008,,Petrol,Unknown,5500.0,USA,craigslist_sfbay
2016 Toyota Camry SE,Toyota,2016,,Petrol,Unknown,6500.0,USA,craigslist_sfbay
2011 Subaru Impreza 2.5I Premium Wagon - 100k miles,Subaru,2011,,Petrol,Unknown,6500.0,USA,craigslist_sfbay
2018 Lincoln MKT livery vehicle,Lincoln,2018,,Petrol,Unknown,7700.0,USA,craigslist_sfbay
2020 chevrolet malibu lt,Chevrolet,2020,,Petrol,Unknown,8900.0,USA,craigslist_sfbay
2007 toyota camry low miles 78k,Toyota,2007,,Petrol,Unknown,7600.0,USA,craigslist_sfbay
2015 CADILLAC ESCALADE PLATINUM ! EXCELLENT CONDITIONS,Cadillac,2015,,Petrol,Unknown,17900.0,USA,craigslist_sfbay
2004 Honda-Pilot,2004,2004,,Petrol,Unknown,2900.0,USA,craigslist_sfbay
2015 GMC Sierra 2500 HD Crew Cab SLT Pickup 4D  6 1/2ft AWD/4WD,GMC,2015,,Petrol,Unknown,38560.0,USA,craigslist_sfbay
2006 Honda Civic Hybrid sedan new hybrid battery low miles,Honda,2006,,Petrol,Unknown,2575.0,USA,craigslist_sfbay
2016 BMW i3,BMW,2016,,Petrol,Unknown,6900.0,USA,craigslist_sfbay
2013 toyota camry,Toyota,2013,,Petrol,Unknown,6900.0,USA,craigslist_sfbay
2015 bmw 740Li,BMW,2015,,Petrol,Unknown,13500.0,USA,craigslist_sfbay
"2011 Honda CR-V LX, 110 k Low Mile & Clean Title",Honda,2011,,Petrol,Unknown,8800.0,USA,craigslist_sfbay
"2015 Toyota Corolla LE, 82 k low mileage",Toyota,2015,,Petrol,Unknown,11800.0,USA,craigslist_sfbay
2012 Audi R8 5.2L V10 Excellent Condition,Audi,2012,,Petrol,Unknown,90000.0,USA,craigslist_sfbay
2010 Chrsyler town and country,2010,2010,,Petrol,Unknown,4500.0,USA,craigslist_sfbay
2016 CHEVROLET SILVERADO 2500HD 4x4 DOUBLE CAB UTILITY BED,Chevrolet,2016,,Petrol,Unknown,18900.0,USA,craigslist_sfbay
2012 Audi R8 5.2L V10 Excellent Condition Low Mileage,Audi,2012,,Petrol,Unknown,90000.0,USA,craigslist_sfbay
2014 Chevrolet Camaro LT - 6spd Manual,Chevrolet,2014,,Petrol,Unknown,14450.0,USA,craigslist_sfbay
2016 MERCEDES BENZ SPRINTER 2500 DIESEL  ! ONE OWNER LOW MILES !,Mercedes,2016,,Petrol,Unknown,19800.0,USA,craigslist_sfbay
2017 GMC  SAVANA !LOW MILES!,GMC,2017,,Petrol,Unknown,8990.0,USA,craigslist_sfbay
2014 Dodge avenger blacktop edition,Dodge,2014,,Petrol,Unknown,6200.0,USA,craigslist_sfbay
2018 GMC SIERRA 2500HD  CREW CAB 4x4,GMC,2018,,Petrol,Unknown,14900.0,USA,craigslist_sfbay
2006 Jeep Commander,Jeep,2006,,Petrol,Unknown,4000.0,USA,craigslist_sfbay
2012 Toyota 4Runner Limited 4x4,Toyota,2012,,Petrol,Unknown,23800.0,USA,craigslist_sfbay
1997 Toyota Tacoma,Toyota,1997,,Petrol,Unknown,5250.0,USA,craigslist_sfbay
2016 FORD TRANSIT LOW ROOF !,Ford,2016,,Petrol,Unknown,7900.0,USA,craigslist_sfbay
"2011 Toyota Prius Three,One Owner, Excellent Condition",Toyota,2011,,Petrol,Unknown,6500.0,USA,craigslist_sfbay
"2003 Nissan frontier 85,000 miles only",Nissan,2003,,Petrol,Unknown,8900.0,USA,craigslist_sfbay
"2012 Toyota Camry SE, 67k Low mileage & Clean Title",Toyota,2012,,Petrol,Unknown,12900.0,USA,craigslist_sfbay
2013 RAM 5500 Regular Cab KUV Service-Bed,Ram,2013,,Petrol,Unknown,16500.0,USA,craigslist_sfbay
"2012 Toyota Corolla LE, 135k & Clean Title",Toyota,2012,,Petrol,Unknown,6995.0,USA,craigslist_sfbay
2006 Chrysler Town&country rear entry Handicap wheelchair van,Chrysler,2006,,Petrol,Unknown,9950.0,USA,craigslist_sfbay
2013 Ram 3500 Crew Cab  • 4WD • Cummins,Ram,2013,,Petrol,Unknown,24500.0,USA,craigslist_sfbay
2014 Chrysler 300,Chrysler,2014,,Petrol,Unknown,8500.0,USA,craigslist_sfbay
1995 Toyota Corolla DX,Toyota,1995,,Petrol,Unknown,3200.0,USA,craigslist_sfbay
2023 Dodge Charger SXT,Dodge,2023,,Petrol,Unknown,16750.0,USA,craigslist_sfbay
2020 BMW 840i Gran Coupe,BMW,2020,,Petrol,Unknown,29850.0,USA,craigslist_sfbay
2014 Chevrolet (Chevy) Spark Automatic Great Commuter Car,Chevrolet,2014,,Petrol,Unknown,5000.0,USA,craigslist_sfbay
2008 toyota tundra,Toyota,2008,,Petrol,Unknown,10900.0,USA,craigslist_sfbay
2004 Dodge Dakota Slt 4 door crew cab,Dodge,2004,,Petrol,Unknown,5000.0,USA,craigslist_sfbay
2010 Honda Accord EX Sunroof,Honda,2010,,Petrol,Unknown,4800.0,USA,craigslist_sfbay
2017 Ford F-150 SuperCab XL 8' Bed,Ford,2017,,Petrol,Unknown,7950.0,USA,craigslist_sfbay
2011 Subaru outback limited 2.55and editionAWD family owned,Subaru,2011,,Petrol,Unknown,3400.0,USA,craigslist_sfbay
2010 Volvo XC90 AWD 5–7-Seater Family SUV – Clean Title,Volvo,2010,,Petrol,Unknown,5000.0,USA,craigslist_sfbay
2009 Mazda 5 Sport,Mazda,2009,,Petrol,Unknown,2800.0,USA,craigslist_sfbay
2007 TOYOTA TACOMA XTRA CAB TRD PRERUNNER,Toyota,2007,,Petrol,Unknown,10900.0,USA,craigslist_sfbay
2013 FORD FOCUS SPORT TITANIUM HATCHBACK,Ford,2013,,Petrol,Unknown,5500.0,USA,craigslist_sfbay
2019 TOYOTA TACOMA X-CAB  SALVAGE ****20000 ORIGINAL MILES****,Toyota,2019,,Petrol,Unknown,14900.0,USA,craigslist_sfbay
"1998 Chevrolet express Explorer Limited, High van 🚐",Chevrolet,1998,,Petrol,Unknown,6500.0,USA,craigslist_sfbay
2020 16' Isuzu NRR Box Truck,2020,2020,,Petrol,Unknown,49900.0,USA,craigslist_sfbay
2016 Toyota Avalon XLE Clean Title,Toyota,2016,,Petrol,Unknown,11800.0,USA,craigslist_sfbay
2011 Toyota Prius Four 4D hatchback,Toyota,2011,,Petrol,Unknown,6500.0,USA,craigslist_sfbay
2016 Land Rover Range Rover HSE TD6,Land,2016,,Petrol,Unknown,12800.0,USA,craigslist_sfbay
2014 Jaguar F-Type S Convertible - Low miles,2014,2014,,Petrol,Unknown,22500.0,USA,craigslist_sfbay
"2004 awd gmc van 99,000 millas clean title",GMC,2004,,Petrol,Unknown,3500.0,USA,craigslist_sfbay
2004 toyota tacoma 260k miles clean title,Toyota,2004,,Petrol,Unknown,14500.0,USA,craigslist_sfbay
2013 Bentley Continental GT Coupe Custom,Bentley,2013,,Petrol,Unknown,38500.0,USA,craigslist_sfbay
2013 Subaru Outback 2.5L very reliable,Subaru,2013,,Petrol,Unknown,2200.0,USA,craigslist_sfbay
"2011 subaru outback clean title 160,000 miles",Subaru,2011,,Petrol,Unknown,6200.0,USA,craigslist_sfbay
"2011 interseptor p7b 130,000 miles clean title",2011,2011,,Petrol,Unknown,8900.0,USA,craigslist_sfbay
2012 Hyundai Veloster,Hyundai,2012,,Petrol,Unknown,2999.0,USA,craigslist_sfbay
"2013 Chevy Cruze LT, 80k Low mileage",Chevy,2013,,Petrol,Unknown,5800.0,USA,craigslist_sfbay
"2014 Subaru Outback 2.5i Wagon ""Fully Loaded & 76k Low Mileage",Subaru,2014,,Petrol,Unknown,11400.0,USA,craigslist_sfbay
"Rare Find:The Mazda, Driver’s Car 1995 Miata (Certified  Summer Fun )",Rare,1995,,Petrol,Unknown,7500.0,USA,craigslist_sfbay
2014 Chevrolet Volt Plug In Hybrid Clean Title One Owner,Chevrolet,2014,,Petrol,Unknown,5200.0,USA,craigslist_sfbay
"Mercedes 2007 S65AMG (Immaculate Condition, V12)",Mercedes,2007,,Petrol,Unknown,29500.0,USA,craigslist_sfbay
2009 Toyota Prius,Toyota,2009,,Petrol,Unknown,5750.0,USA,craigslist_sfbay
"2008 Honda Odyssey, Touring, One Owner, Excellent Condition",Honda,2008,,Petrol,Unknown,6900.0,USA,craigslist_sfbay
2017 Mercedes Benz GLE 350 Sport Clean Title One Owner,Mercedes,2017,,Petrol,Unknown,10500.0,USA,craigslist_sfbay
2001 Ford Taurus,Ford,2001,,Petrol,Unknown,1400.0,USA,craigslist_sfbay
1993 GMC Sierra,GMC,1993,,Petrol,Unknown,3999.0,USA,craigslist_sfbay
2010 Ford Focus S Clean Title 1 Owner!,Ford,2010,,Petrol,Unknown,4000.0,USA,craigslist_sfbay
2004 Toyota Camry Clean Title,Toyota,2004,,Petrol,Unknown,4900.0,USA,craigslist_sfbay
1999 Honda Civic EX Clean Title,Honda,1999,,Petrol,Unknown,4950.0,USA,craigslist_sfbay
"Runs Great and Registered! 2002 Mercedes C230, Pink Slip In Hand",Mercedes,2002,,Petrol,Unknown,2300.0,USA,craigslist_sfbay
1999 Toyota Camry LE Clean Title,Toyota,1999,,Petrol,Unknown,3900.0,USA,craigslist_sfbay
2001 Toyota Highlander Limited 4WD!,Toyota,2001,,Petrol,Unknown,5900.0,USA,craigslist_sfbay
2013 Audi A6 3.0T Quattro V6 Supercharged,Audi,2013,,Petrol,Unknown,2900.0,USA,craigslist_sfbay
2011 Toyota Sienna LE 8-Passanger,Toyota,2011,,Petrol,Unknown,9550.0,USA,craigslist_sfbay
2014 NISSAN PATHFINDER HYBRID SL,Nissan,2014,,Petrol,Unknown,5800.0,USA,craigslist_sfbay
2008 chevy impala,Chevy,2008,,Petrol,Unknown,3500.0,USA,craigslist_sfbay
2019 BMW 3 Series · 330i Sedan 4D,BMW,2019,,Petrol,Unknown,20000.0,USA,craigslist_sfbay
"2011 Acura Mdx Tech Package, Clean title",Acura,2011,,Petrol,Unknown,11800.0,USA,craigslist_sfbay
"2011 Jeep Wrangler, Clean title, 104 k miles",Jeep,2011,,Petrol,Unknown,13900.0,USA,craigslist_sfbay
"2015 Kia Optima, Clean Title, 99k miles",Kia,2015,,Petrol,Unknown,6850.0,USA,craigslist_sfbay
2012 Toyota Prius Sea Glass Pearl 128k Miles Fully Loaded Leather!!!,Toyota,2012,,Petrol,Unknown,6200.0,USA,craigslist_sfbay
"2015 Honda Civic SI, Clean Title, 91k Miles",Honda,2015,,Petrol,Unknown,14900.0,USA,craigslist_sfbay
2003 4x4 GMC Sierra 2500hd lb7 duramax,GMC,2003,,Petrol,Unknown,28000.0,USA,craigslist_sfbay
2008 Mazda Miata Grand Touring 6MT w/ Bilsteins,Mazda,2008,,Petrol,Unknown,7200.0,USA,craigslist_sfbay
2006 Ford Escape Hybrid AWD,Ford,2006,,Petrol,Unknown,3950.0,USA,craigslist_sfbay
2021 Mazda 3,Mazda,2021,,Petrol,Unknown,18500.0,USA,craigslist_sfbay
2002 BMW 540iat for sale,BMW,2002,,Petrol,Unknown,16500.0,USA,craigslist_sfbay
2015 Ford Fusion SE,Ford,2015,,Petrol,Unknown,6900.0,USA,craigslist_sfbay
"2013 Hyundai Sonata GLS ""Clean Title""",Hyundai,2013,,Petrol,Unknown,4800.0,USA,craigslist_sfbay
"2016 Volvo XC60 T5 AWD ""80 k & Fully Loaded""",Volvo,2016,,Petrol,Unknown,10700.0,USA,craigslist_sfbay
2019 ram 1500 quad cab bighorn,Ram,2019,,Petrol,Unknown,14500.0,USA,craigslist_sfbay
"** 2008 BMW 335i 600HP Upgraded, E90 FBO **",BMW,2008,,Petrol,Unknown,8000.0,USA,craigslist_sfbay
2003 lexus ls430,Lexus,2003,,Petrol,Unknown,2800.0,USA,craigslist_sfbay
2011 Porsche Cayenne S Hybrid (88000 miles),Porsche,2011,,Petrol,Unknown,12500.0,USA,craigslist_sfbay
2014 Honda Civic LX-1 owner,Honda,2014,,Petrol,Unknown,9950.0,USA,craigslist_sfbay
2011 Volkswagen Jetta,Volkswagen,2011,,Petrol,Unknown,4900.0,USA,craigslist_sfbay
2017 DODGE RAM 1500 TRADESMAN SLT CLEAN TITLE,Dodge,2017,,Petrol,Unknown,9950.0,USA,craigslist_sfbay
2018 Audi Q5 Premium (58000 miles),Audi,2018,,Petrol,Unknown,16900.0,USA,craigslist_sfbay
2007 Mustang convertible,2007,2007,,Petrol,Unknown,10600.0,USA,craigslist_sfbay
2007 VW Jetta 2.5 PZEV 5 speed MANUAL transmission Wolfsburg edition,VW,2007,,Petrol,Unknown,4950.0,USA,craigslist_sfbay
2015 Subaru Crosstrek Hybrid,Subaru,2015,,Petrol,Unknown,8300.0,USA,craigslist_sfbay
Toyota Avalon XLS 2003,Toyota,2003,,Petrol,Unknown,3500.0,USA,craigslist_sfbay
2010 Honda Element,Honda,2010,,Petrol,Unknown,9500.0,USA,craigslist_sfbay
2015 Infiniti QX50 Journey AWD,Infiniti,2015,,Petrol,Unknown,8995.0,USA,craigslist_sfbay
2012 Mitsubishi Eclipse Convertible Spyder GS Sport 29 MPG “PASS SMOG”,Mitsubishi,2012,,Petrol,Unknown,3900.0,USA,craigslist_sfbay
2018 Dodge Journey SE 3rd row seating,Dodge,2018,,Petrol,Unknown,6500.0,USA,craigslist_sfbay
"2007 Lexus RX350 very well-kept, Clean title SMOG done, heated seats",Lexus,2007,,Petrol,Unknown,3900.0,USA,craigslist_sfbay
2005 JEEP GRAND CHEROKEE LTD SPORT 4X4. SMOGD. CLEAN TITLE & CARFAX,Jeep,2005,,Petrol,Unknown,2700.0,USA,craigslist_sfbay
Excellent 2022 Honda Pilot Special Edition,Honda,2022,,Petrol,Unknown,15800.0,USA,craigslist_sfbay
2015 Ford Mustang Premium Ecoboost,Ford,2015,,Petrol,Unknown,16500.0,USA,craigslist_sfbay
2017 MERCEDES BENZ C300 CLEAN TITLE LOW MILES,Mercedes,2017,,Petrol,Unknown,15999.0,USA,craigslist_sfbay
2007 MERCEDES BENZ SLK350 HARDTOP CONVERTIBLE CLEAN TITLE LOW MILES,Mercedes,2007,,Petrol,Unknown,12999.0,USA,craigslist_sfbay
2005 Toyota Sequoia Limited 4x4 w/ diff lock,Toyota,2005,,Petrol,Unknown,9900.0,USA,craigslist_sfbay
2007 Toyota Prius Hybrid 127K Clean Title Hybrid Healthy 45+ Mpg,Toyota,2007,,Petrol,Unknown,4600.0,USA,craigslist_sfbay
2007 Acura TL Type-S – Manual – 82.5K Miles – Silver,Acura,2007,,Petrol,Unknown,25000.0,USA,craigslist_sfbay
2019 Toyota Camry XSE ( Low Mileage ) 4D Sedan,Toyota,2019,,Petrol,Unknown,20800.0,USA,craigslist_sfbay
2015 BMW 228i Apple Carplay,BMW,2015,,Petrol,Unknown,9600.0,USA,craigslist_sfbay
2009 Nissan Murano SL AWDRIVE,Nissan,2009,,Petrol,Unknown,3500.0,USA,craigslist_sfbay
2009 Nissan Murano SL AWD,Nissan,2009,,Petrol,Unknown,3500.0,USA,craigslist_sfbay
"2012 Dodge Ram 1500 V8 5.7L hemi  - 1 owner, 60k miles",Dodge,2012,,Petrol,Unknown,16700.0,USA,craigslist_sfbay
2006 Chevrolet Silverado 2500 Crew 4x4 6.0L 8ft bed - low mileage,Chevrolet,2006,,Petrol,Unknown,15500.0,USA,craigslist_sfbay
2011 Subaru outback 3.6r limited awd,Subaru,2011,,Petrol,Unknown,7000.0,USA,craigslist_sfbay
"2004 Toyota Sienna Minivan XLE 116,031 miles!!",Toyota,2004,,Petrol,Unknown,4999.0,USA,craigslist_sfbay
One owner 2018 Honda CRV EX,Honda,2018,,Petrol,Unknown,17800.0,USA,craigslist_sfbay
2008 Land Rover Range Rover,Land,2008,,Petrol,Unknown,10000.0,USA,craigslist_sfbay
"2009 Nissan Altima 2.5S Coupe – $3,500 OBO",Nissan,2009,,Petrol,Unknown,3500.0,USA,craigslist_sfbay
2017 Ford Fusion SE,Ford,2017,,Petrol,Unknown,10000.0,USA,craigslist_sfbay
2017 Honda CRV,Honda,2017,,Petrol,Unknown,12500.0,USA,craigslist_sfbay
2014 FORD FOCUS SE EXCELLENT CONDITION LOW MILES GAS SAVER,Ford,2014,,Petrol,Unknown,5000.0,USA,craigslist_sfbay
2011 BMW 5 series,BMW,2011,,Petrol,Unknown,4000.0,USA,craigslist_sfbay
2016 Nissan Altima S,Nissan,2016,,Petrol,Unknown,3000.0,USA,craigslist_sfbay
2007 Ford Focus,Ford,2007,,Petrol,Unknown,2300.0,USA,craigslist_sfbay
2010 Subaru Forester 2.5 Premium AWD,Subaru,2010,,Petrol,Unknown,5500.0,USA,craigslist_sfbay
2003 toyota tundra v6 ( mechanic special),Toyota,2003,,Petrol,Unknown,2795.0,USA,craigslist_sfbay
2020 Ford escape SE all wheel drive,Ford,2020,,Petrol,Unknown,9900.0,USA,craigslist_sfbay
"2014 Forest Explorer Limited, 4 x 4",2014,2014,,Petrol,Unknown,8500.0,USA,craigslist_sfbay
2010 Mercedes GLK 350- BEAUTIFUL SPORT LUXURY S. U. V.- SMOGGED TODAY-,Mercedes,2010,,Petrol,Unknown,6900.0,USA,craigslist_sfbay
2007 Subaru Outback Wagon,Subaru,2007,,Petrol,Unknown,5500.0,USA,craigslist_sfbay
2003 BMW 330i Mechanic Special ZHP Sports Package,BMW,2003,,Petrol,Unknown,1000.0,USA,craigslist_sfbay
2008 Acura MDX,Acura,2008,,Petrol,Unknown,3500.0,USA,craigslist_sfbay
"2008 INFINITI FX35, NICE/CLEAN IN AND OUT. ONLY 127K MILES . EXCEL",Infiniti,2008,,Petrol,Unknown,4750.0,USA,craigslist_sfbay
2003 Ford F250 Super Duty Extended Cab Work Truck,Ford,2003,,Petrol,Unknown,6900.0,USA,craigslist_sfbay
2017 jeep cherokee  trailhawk,Jeep,2017,,Petrol,Unknown,7900.0,USA,craigslist_sfbay
2007 gmc  saturn outlook,GMC,2007,,Petrol,Unknown,4400.0,USA,craigslist_sfbay
2017 Chevrolet Silverado 3500HD Enclosed Service Truck,Chevrolet,2017,,Petrol,Unknown,14900.0,USA,craigslist_sfbay
2004 Ford E450 Super Duty Box Truck Van Low Miles,Ford,2004,,Petrol,Unknown,8900.0,USA,craigslist_sfbay
"""Excellent Condition"" 2020 Nissan Pathfinder SV 2WD ""Salvage Title""",Nissan,2020,,Petrol,Unknown,12999.0,USA,craigslist_sfbay
"2020 BMW X7 xDrive40i — Fully Loaded, 1-Owner, Captain's Chairs",BMW,2020,,Petrol,Unknown,28000.0,USA,craigslist_sfbay
2017 Kia optima Clean Title,Kia,2017,,Petrol,Unknown,7500.0,USA,craigslist_sfbay
"2015 Subaru forester, newer engine, needs TLC, clean title",Subaru,2015,,Petrol,Unknown,7000.0,USA,craigslist_sfbay
2007 BMW 530xi,BMW,2007,,Petrol,Unknown,3500.0,USA,craigslist_sfbay
GMC YUKON DENALI 2015 4WD - First Owner,GMC,2015,,Petrol,Unknown,23000.0,USA,craigslist_sfbay
2007 nissan altima 2.5s 1owner smog runs excellent,Nissan,2007,,Petrol,Unknown,4499.0,USA,craigslist_sfbay
2013 Ford Escape SEL EcoBoost - for parts or repair,Ford,2013,,Petrol,Unknown,1000.0,USA,craigslist_sfbay
2006 Ford F-150 FOR SALE,Ford,2006,,Petrol,Unknown,2500.0,USA,craigslist_sfbay
BMW 5 Series 2006,BMW,2006,,Petrol,Unknown,4500.0,USA,craigslist_sfbay
Buick Encore 2016,Buick,2016,,Petrol,Unknown,7900.0,USA,craigslist_sfbay
2010 Ford F150 4x4 Lariat Low Milage One Owner,Ford,2010,,Petrol,Unknown,17400.0,USA,craigslist_sfbay
EXCELLENT HONDA ACCORD 2016,Honda,2016,,Petrol,Unknown,16500.0,USA,craigslist_sfbay
2004 Lexus GX 470 Low Milage One Owner,Lexus,2004,,Petrol,Unknown,14850.0,USA,craigslist_sfbay
2001 silverado/short bed/clean title,2001,2001,,Petrol,Unknown,13500.0,USA,craigslist_sfbay
2005 Mercedes ML 350- All Wheel Drive-Smogged-Runs Great-Very Clean,Mercedes,2005,,Petrol,Unknown,3500.0,USA,craigslist_sfbay
2014 Chevrolet sonic LT,Chevrolet,2014,,Petrol,Unknown,4300.0,USA,craigslist_sfbay
2019 Hyundai Veloster Base – Clean Title,Hyundai,2019,,Petrol,Unknown,11999.0,USA,craigslist_sfbay
Mazda CX7 2010,Mazda,2010,,Petrol,Unknown,4200.0,USA,craigslist_sfbay
2000 Subaru Legacy GT Limited AWD,Subaru,2000,,Petrol,Unknown,1625.0,USA,craigslist_sfbay
"2008 Lexus RX400h, Runs Great",Lexus,2008,,Petrol,Unknown,6700.0,USA,craigslist_sfbay
2012 Chevy Cruze Sedan in Great Running Condition,Chevy,2012,,Petrol,Unknown,3950.0,USA,craigslist_sfbay
2002 Volkswagen Eurovan,Volkswagen,2002,,Petrol,Unknown,15800.0,USA,craigslist_sfbay
"2012 Jeep Wrangler Rubicon 2 Door - 60K Miles, Many Upgrades",Jeep,2012,,Petrol,Unknown,24000.0,USA,craigslist_sfbay
"2008 Lexus RX350, awd",Lexus,2008,,Petrol,Unknown,9850.0,USA,craigslist_sfbay
2010 Subaru Legacy AWD,Subaru,2010,,Petrol,Unknown,1999.0,USA,craigslist_sfbay
2013 Audi Q5 2.0T Quattro Premium Plus,Audi,2013,,Petrol,Unknown,7900.0,USA,craigslist_sfbay
2003 BMW 325xi AWD,BMW,2003,,Petrol,Unknown,5800.0,USA,craigslist_sfbay
2004 Honda CR - V,Honda,2004,,Petrol,Unknown,5200.0,USA,craigslist_sfbay
2008 Volkswagen Jetta 5spd Manual 128K Miles All Service Done,Volkswagen,2008,,Petrol,Unknown,4600.0,USA,craigslist_sfbay
"2012 Kia soul +, 90k mile 1-owner",Kia,2012,,Petrol,Unknown,4990.0,USA,craigslist_sfbay
2000 Lexus LX470,Lexus,2000,,Petrol,Unknown,19300.0,USA,craigslist_sfbay
2008 Mercedes - Benz GL450 4Matic,Mercedes,2008,,Petrol,Unknown,8000.0,USA,craigslist_sfbay
2015 BMW M235i Convertible,BMW,2015,,Petrol,Unknown,17500.0,USA,craigslist_sfbay
2009 Toyota Camry hybrid 174k miles hybrid battery working great,Toyota,2009,,Petrol,Unknown,4850.0,USA,craigslist_sfbay
2011 Jeep Wrangler Unlimited Sport 4-Door,Jeep,2011,,Petrol,Unknown,7000.0,USA,craigslist_sfbay
"2005 Honda CR-V LX — $3,500 OBO 218k mi · Clean title · CA smog passed",Honda,2005,,Petrol,Unknown,3500.0,USA,craigslist_sfbay
2009 ford crown Victoria police interceptor 97k low miles,Ford,2009,,Petrol,Unknown,3300.0,USA,craigslist_sfbay
2009 VW NEW BEETLE CONVERTIBLE,VW,2009,,Petrol,Unknown,6000.0,USA,craigslist_sfbay
1996 Toyota Tacoma 2WD,Toyota,1996,,Petrol,Unknown,4900.0,USA,craigslist_sfbay
"2018 Honda Accord EX-L Pearl White | 82K Miles | Clean Title | $20,000",Honda,2018,,Petrol,Unknown,20000.0,USA,craigslist_sfbay
1999 Dodge Caravan just smogged Clean title air conditioning,Dodge,1999,,Petrol,Unknown,2395.0,USA,craigslist_sfbay
2002 Dodge 2500 Cummins,Dodge,2002,,Petrol,Unknown,22000.0,USA,craigslist_sfbay
"2002 Lexus SC430 - new shocks, timing belt, tires - SC 430 - OBO",Lexus,2002,,Petrol,Unknown,14900.0,USA,craigslist_sfbay
Land Rover Range Rover Evoque 2018,Land,2018,,Petrol,Unknown,17000.0,USA,craigslist_sfbay
2003 Honda Pilot Low Miles 117k original,Honda,2003,,Petrol,Unknown,3300.0,USA,craigslist_sfbay
2005 Honda Crv awd loaded 2owners only 136k miles 4cyl great on gas,Honda,2005,,Petrol,Unknown,5900.0,USA,craigslist_sfbay
2009 BMW Z4 sDrive30i Hardtop Convertible Coupe,BMW,2009,,Petrol,Unknown,21250.0,USA,craigslist_sfbay
2011 Toyota RAV4 4 Limited SUV,Toyota,2011,,Petrol,Unknown,9600.0,USA,craigslist_sfbay
"2010 Toyota Corolla LE 33,000 Original Miles Immaculate Condition",Toyota,2010,,Petrol,Unknown,12900.0,USA,craigslist_sfbay
2018 Tesla Model 3 Long Range LR AWD Black on Black,Tesla,2018,,Petrol,Unknown,19998.0,USA,craigslist_sfbay
2012 Lexus CT 200H F sport,Lexus,2012,,Petrol,Unknown,9600.0,USA,craigslist_sfbay
2022 Ford Transit 150 Cargo Van Long Wheel Base (1- Owner) F150,Ford,2022,,Petrol,Unknown,17900.0,USA,craigslist_sfbay
2004 TOYOTA SEQUOIA SR5,Toyota,2004,,Petrol,Unknown,7900.0,USA,craigslist_sfbay
2009 Toyota Camry 4cylinder,Toyota,2009,,Petrol,Unknown,4800.0,USA,craigslist_sfbay
2011 BMW X5 Xdrive35I,BMW,2011,,Petrol,Unknown,7900.0,USA,craigslist_sfbay
2014 Volkswagen Tiguan TSI 4MOTION AWD Clean Title,Volkswagen,2014,,Petrol,Unknown,3950.0,USA,craigslist_sfbay
2009 Ford F250,Ford,2009,,Petrol,Unknown,18000.0,USA,craigslist_sfbay
2023 Jeep Wrangler Unlimited Sport S,Jeep,2023,,Petrol,Unknown,26500.0,USA,craigslist_sfbay
2000 TOYOTA 4RUNNER SR5 4X4,Toyota,2000,,Petrol,Unknown,12500.0,USA,craigslist_sfbay
2007 Toyota Camry - 1-Owner /Low Mileage,Toyota,2007,,Petrol,Unknown,4799.0,USA,craigslist_sfbay
2017 Toyota Sienna LE,Toyota,2017,,Petrol,Unknown,17000.0,USA,craigslist_sfbay
2006 Toyota tundra SR5,Toyota,2006,,Petrol,Unknown,24500.0,USA,craigslist_sfbay
2012 Subaru Forester 2.5. Premium. Awd Winter Pkg,Subaru,2012,,Petrol,Unknown,3950.0,USA,craigslist_sfbay
2014 HONDA ODYSSEY EX-LIMITED WHITE FAMILY VAN 8 PASSENGER TOURING,Honda,2014,,Petrol,Unknown,9900.0,USA,craigslist_sfbay
2006 Dodge Charger R/T,Dodge,2006,,Petrol,Unknown,5000.0,USA,craigslist_sfbay
2006 PontiacGTO,2006,2006,,Petrol,Unknown,12000.0,USA,craigslist_sfbay
1996 Impala SS Low Mileage Car,1996,1996,,Petrol,Unknown,35000.0,USA,craigslist_sfbay
1991 Subaru Legacy,Subaru,1991,,Petrol,Unknown,2500.0,USA,craigslist_sfbay
1999 Toyota sienna,Toyota,1999,,Petrol,Unknown,2300.0,USA,craigslist_sfbay
"2006 Toyota Sienna LE, clean title",Toyota,2006,,Petrol,Unknown,4850.0,USA,craigslist_sfbay
2001 honda accord,Honda,2001,,Petrol,Unknown,1900.0,USA,craigslist_sfbay
2011 FORD TRANSIT CONNECT XL,Ford,2011,,Petrol,Unknown,7500.0,USA,craigslist_sfbay
"2003 Toyota Camry Runs & Drives Clean Title, As is $1200 OBO",Toyota,2003,,Petrol,Unknown,1200.0,USA,craigslist_sfbay
"2010 SUBARU IMPREZA OUTBACK SPORT WAGON, AWD, Automatic",Subaru,2010,,Petrol,Unknown,4700.0,USA,craigslist_sfbay
Dodge Ram 1500 5.7 SLT 2003,Dodge,2003,,Petrol,Unknown,8500.0,USA,craigslist_sfbay
1999 Toyota 4Runner 4WD Limited /Good Condition Clean-Title !!!,Toyota,1999,,Petrol,Unknown,4200.0,USA,craigslist_sfbay
2007 BMW 328i low miles excellent condition,BMW,2007,,Petrol,Unknown,3995.0,USA,craigslist_sfbay
2009 Toyota RAV4 SPORT AWD 3.5 V6,Toyota,2009,,Petrol,Unknown,5900.0,USA,craigslist_sfbay
Audi Q5 2012 Single Owner for Sale in Sunnybale,Audi,2012,,Petrol,Unknown,6338.0,USA,craigslist_sfbay
2008 TOYOTA CAMRY HYBRID LE CLEAN TITLE SMOGGED,Toyota,2008,,Petrol,Unknown,4500.0,USA,craigslist_sfbay
2014 Land Rover Range Rover Sport Supercharged 1 Owner Carfax Smogged!,Land,2014,,Petrol,Unknown,10000.0,USA,craigslist_sfbay
2018 Audi Q5 2.0T,Audi,2018,,Petrol,Unknown,10000.0,USA,craigslist_sfbay
"2007 Honda Accord ,runs great !very well maintained!!",Honda,2007,,Petrol,Unknown,3700.0,USA,craigslist_sfbay
2018 Hyundai Tucson Limited AWD,Hyundai,2018,,Petrol,Unknown,9988.0,USA,craigslist_sfbay
2019 Toyota Camry XSE V6 – Fully Loaded – Wind Chill Pearl – Clean Tit,Toyota,2019,,Petrol,Unknown,26500.0,USA,craigslist_sfbay
2001 Honda Accord Value Package,Honda,2001,,Petrol,Unknown,3500.0,USA,craigslist_sfbay
2013 Ford Focus Titanium 4‑dr Hatchback,Ford,2013,,Petrol,Unknown,3300.0,USA,craigslist_sfbay
2001 HONDA CIVIC LX GAS SAVER 38MPG,Honda,2001,,Petrol,Unknown,2950.0,USA,craigslist_sfbay
2013 BMW Z4,BMW,2013,,Petrol,Unknown,11000.0,USA,craigslist_sfbay
2013 JEEP GRAND CHEROKEE OVERLAND,Jeep,2013,,Petrol,Unknown,9000.0,USA,craigslist_sfbay
2014 Subaru Forester,Subaru,2014,,Petrol,Unknown,6500.0,USA,craigslist_sfbay
2011 BMW 335i convertible,BMW,2011,,Petrol,Unknown,8900.0,USA,craigslist_sfbay
2007 Toyota Prius Touring   Clean Carfax!,Toyota,2007,,Petrol,Unknown,6400.0,USA,craigslist_sfbay
2007 Nissan Titan,Nissan,2007,,Petrol,Unknown,6000.0,USA,craigslist_sfbay
Toyota Corolla Le 2021,Toyota,2021,,Petrol,Unknown,11900.0,USA,craigslist_sfbay
2003 Mazda Miata Convertible,Mazda,2003,,Petrol,Unknown,8950.0,USA,craigslist_sfbay
"2007 BMW 328xi 132,327miles Xdrive AWD 328i CleanTitle 4x4",BMW,2007,,Petrol,Unknown,5000.0,USA,craigslist_sfbay
2016 BMW 535i M-Sport 82k very clean,BMW,2016,,Petrol,Unknown,13500.0,USA,craigslist_sfbay
2002 Dodge Ram 2500 Cummins Turbo Diesel,Dodge,2002,,Petrol,Unknown,22500.0,USA,craigslist_sfbay
2022 Toyota C-HR XLE,Toyota,2022,,Petrol,Unknown,21800.0,USA,craigslist_sfbay
2012 Ford Focus SEL,Ford,2012,,Petrol,Unknown,5300.0,USA,craigslist_sfbay
2012 Honda Accord,Honda,2012,,Petrol,Unknown,4500.0,USA,craigslist_sfbay
2015 Mazda CX-5 Grand Touring,Mazda,2015,,Petrol,Unknown,14800.0,USA,craigslist_sfbay
2012 Ford Mustang V6 Premium,Ford,2012,,Petrol,Unknown,4800.0,USA,craigslist_sfbay
2007 Lexus SC 430 Convertible 2D - REDUCED!!!!,Lexus,2007,,Petrol,Unknown,15000.0,USA,craigslist_sfbay
2013 Subaru BRZ Limited Coupe,Subaru,2013,,Petrol,Unknown,17950.0,USA,craigslist_sfbay
2015 audi A4.,Audi,2015,,Petrol,Unknown,3000.0,USA,craigslist_sfbay
2013 Range Rover Sport Supercharged,2013,2013,,Petrol,Unknown,9500.0,USA,craigslist_sfbay
2004 FORD F-150 - MECHANIC'S SPECIAL,Ford,2004,,Petrol,Unknown,1000.0,USA,craigslist_sfbay
"2009 Ford E150 Van- $14,500 OBO",Ford,2009,,Petrol,Unknown,14500.0,USA,craigslist_sfbay
"2012 Ford Transit Connect  - $13,500 OBO",Ford,2012,,Petrol,Unknown,13500.0,USA,craigslist_sfbay
2000 Honda Accord.. current reg 2026,Honda,2000,,Petrol,Unknown,2500.0,USA,craigslist_sfbay
2005 MERCEDES E500 Sport * LIKE NEW CONDITIONS,Mercedes,2005,,Petrol,Unknown,11000.0,USA,craigslist_sfbay
Volvo V60 2016,Volvo,2016,,Petrol,Unknown,7500.0,USA,craigslist_sfbay
2014 Mercedes-Benz 550SL,2014,2014,,Petrol,Unknown,29000.0,USA,craigslist_sfbay
"2013 LEXUS RX 350 AWD - SUPER CLEAN 112,000 miles",Lexus,2013,,Petrol,Unknown,15750.0,USA,craigslist_sfbay
"1998 Porsche Boxster - 1 Owner, Manual, Factory Hardtop - 71k Miles",Porsche,1998,,Petrol,Unknown,10900.0,USA,craigslist_sfbay
"2019 Prius XLE 65,700 miles",2019,2019,,Petrol,Unknown,17000.0,USA,craigslist_sfbay
2016 Jeep Patriot Latitude 4x4 SUV - 50k Low Miles  - Clean Title,Jeep,2016,,Petrol,Unknown,11000.0,USA,craigslist_sfbay
2010 ford escape,Ford,2010,,Petrol,Unknown,4200.0,USA,craigslist_sfbay
2015 Subaru XV Crosstrek,Subaru,2015,,Petrol,Unknown,8499.0,USA,craigslist_sfbay
2002 Chevy Impala 134k miles,Chevy,2002,,Petrol,Unknown,1850.0,USA,craigslist_sfbay
2013 Mazda3 For Sale,2013,2013,,Petrol,Unknown,3590.0,USA,craigslist_sfbay
2009 Chrysler Town & Country Touring,Chrysler,2009,,Petrol,Unknown,4800.0,USA,craigslist_sfbay
2019 Acura RDX,Acura,2019,,Petrol,Unknown,21999.0,USA,craigslist_sfbay
2010 Subaru Forester – 130K Miles,Subaru,2010,,Petrol,Unknown,6800.0,USA,craigslist_sfbay
"2005 Toyota Camry SE Super Nice car with only 123K miles, Clean title",Toyota,2005,,Petrol,Unknown,4900.0,USA,craigslist_sfbay
2013 FORD ESCAPE SEL • RUNS GREAT • CLEAN TITLE,Ford,2013,,Petrol,Unknown,6200.0,USA,craigslist_sfbay
2005 Subaru Legacy wagon.  Runs & drives. 1500 obo,Subaru,2005,,Petrol,Unknown,1500.0,USA,craigslist_sfbay
2000 honda accord run but 2nd gear is slipping,Honda,2000,,Petrol,Unknown,1300.0,USA,craigslist_sfbay
2006 Mitsubishi Raider XLS Low Miles,Mitsubishi,2006,,Petrol,Unknown,5600.0,USA,craigslist_sfbay
2014 Scion FR-S Monogram Ed Only 64k Miles Auto mechanic special,2014,2014,,Petrol,Unknown,6500.0,USA,craigslist_sfbay
2010 Honda Odyssey EX-L W/DVD,Honda,2010,,Petrol,Unknown,7700.0,USA,craigslist_sfbay
2015 Buick Enclave FWD,Buick,2015,,Petrol,Unknown,4990.0,USA,craigslist_sfbay
2012 Honda Odyssey Touring 8-PASSENGER Minivan Clean Title DVD sienna,Honda,2012,,Petrol,Unknown,8800.0,USA,craigslist_sfbay
2019 Mercedes-Benz GLC 350e Hybrid 4Matic AWD Clean Title glc350,2019,2019,,Petrol,Unknown,12900.0,USA,craigslist_sfbay
2012 Audi A4,Audi,2012,,Petrol,Unknown,3600.0,USA,craigslist_sfbay
2015 Mercedes-Benz GLA 250 4Matic AWD Clean Title LOW MILES gla250,2015,2015,,Petrol,Unknown,8800.0,USA,craigslist_sfbay
2007 Jeep Wrangler X Clean Title ONE OWNER 4WD Only 90K Miles,Jeep,2007,,Petrol,Unknown,10500.0,USA,craigslist_sfbay
2016 Mercedes-Benz GLE 350 Clean Title LOW MILES Automatic gle350,2016,2016,,Petrol,Unknown,12800.0,USA,craigslist_sfbay
2018 Toyota RAV4 LE Clean Title LOW MILES Gas Saver rav-4 crv cr-v,Toyota,2018,,Petrol,Unknown,13800.0,USA,craigslist_sfbay
2023 Nissan Rogue SV Clean Title ONE OWNER Gas Saver LOW MILES,Nissan,2023,,Petrol,Unknown,20800.0,USA,craigslist_sfbay
2001 Chevrolet Silverado 1500 Extended Cab 2nd Owner Super Clean,Chevrolet,2001,,Petrol,Unknown,9799.0,USA,craigslist_sfbay
"Toyota RAV4, 2007 automatic",Toyota,2007,,Petrol,Unknown,5350.0,USA,craigslist_sfbay
2010 Honda Odyssey EX-L Only 148K Miles All Service Done,Honda,2010,,Petrol,Unknown,4400.0,USA,craigslist_sfbay
2010 Honda Accord EX- L Sedan,Honda,2010,,Petrol,Unknown,4800.0,USA,craigslist_sfbay
2006 Chevrolet Express 3500 Cargo 6.0,Chevrolet,2006,,Petrol,Unknown,5300.0,USA,craigslist_sfbay
CAMRY SE 2023 Excellent Condition (Reduced Price),CAMRY,2023,,Petrol,Unknown,21000.0,USA,craigslist_sfbay
2012 BMW 750LI,BMW,2012,,Petrol,Unknown,8900.0,USA,craigslist_sfbay
2013 Honda Civic 4 door sedan,Honda,2013,,Petrol,Unknown,7800.0,USA,craigslist_sfbay
1996 Jeep Cherokee Sport 4x4 Low Miles 142k original,Jeep,1996,,Petrol,Unknown,3800.0,USA,craigslist_sfbay
2022 chevrolet silverado,Chevrolet,2022,,Petrol,Unknown,21999.0,USA,craigslist_sfbay
2013 Mercedes E550 Cabriolet,Mercedes,2013,,Petrol,Unknown,4999.0,USA,craigslist_sfbay
2010 Toyota Camry Hybrid Clean Title,Toyota,2010,,Petrol,Unknown,8200.0,USA,craigslist_sfbay
"2015 Smart Car – Great MPG, Easy to Park",2015,2015,,Petrol,Unknown,3900.0,USA,craigslist_sfbay
2008 Chrysler-300-LX,2008,2008,,Petrol,Unknown,2300.0,USA,craigslist_sfbay
2008 Mercedes Benz SLK 280 Convertible Runs Great,Mercedes,2008,,Petrol,Unknown,5500.0,USA,craigslist_sfbay
2016 Toyota Camry SE,Toyota,2016,,Petrol,Unknown,6500.0,USA,craigslist_sfbay
2011 Subaru Impreza 2.5I Premium Wagon - 100k miles,Subaru,2011,,Petrol,Unknown,6500.0,USA,craigslist_sfbay
2018 Lincoln MKT livery vehicle,Lincoln,2018,,Petrol,Unknown,7700.0,USA,craigslist_sfbay
2020 chevrolet malibu lt,Chevrolet,2020,,Petrol,Unknown,8900.0,USA,craigslist_sfbay
2007 toyota camry low miles 78k,Toyota,2007,,Petrol,Unknown,7600.0,USA,craigslist_sfbay
2015 CADILLAC ESCALADE PLATINUM ! EXCELLENT CONDITIONS,Cadillac,2015,,Petrol,Unknown,17900.0,USA,craigslist_sfbay
2004 Honda-Pilot,2004,2004,,Petrol,Unknown,2900.0,USA,craigslist_sfbay
2015 GMC Sierra 2500 HD Crew Cab SLT Pickup 4D  6 1/2ft AWD/4WD,GMC,2015,,Petrol,Unknown,38560.0,USA,craigslist_sfbay
2006 Honda Civic Hybrid sedan new hybrid battery low miles,Honda,2006,,Petrol,Unknown,2575.0,USA,craigslist_sfbay
2016 BMW i3,BMW,2016,,Petrol,Unknown,6900.0,USA,craigslist_sfbay
2013 toyota camry,Toyota,2013,,Petrol,Unknown,6900.0,USA,craigslist_sfbay
2015 bmw 740Li,BMW,2015,,Petrol,Unknown,13500.0,USA,craigslist_sfbay
"2011 Honda CR-V LX, 110 k Low Mile & Clean Title",Honda,2011,,Petrol,Unknown,8800.0,USA,craigslist_sfbay
"2015 Toyota Corolla LE, 82 k low mileage",Toyota,2015,,Petrol,Unknown,11800.0,USA,craigslist_sfbay
2012 Audi R8 5.2L V10 Excellent Condition,Audi,2012,,Petrol,Unknown,90000.0,USA,craigslist_sfbay
2010 Chrsyler town and country,2010,2010,,Petrol,Unknown,4500.0,USA,craigslist_sfbay
2016 CHEVROLET SILVERADO 2500HD 4x4 DOUBLE CAB UTILITY BED,Chevrolet,2016,,Petrol,Unknown,18900.0,USA,craigslist_sfbay
2012 Audi R8 5.2L V10 Excellent Condition Low Mileage,Audi,2012,,Petrol,Unknown,90000.0,USA,craigslist_sfbay
2014 Chevrolet Camaro LT - 6spd Manual,Chevrolet,2014,,Petrol,Unknown,14450.0,USA,craigslist_sfbay
2016 MERCEDES BENZ SPRINTER 2500 DIESEL  ! ONE OWNER LOW MILES !,Mercedes,2016,,Petrol,Unknown,19800.0,USA,craigslist_sfbay
2017 GMC  SAVANA !LOW MILES!,GMC,2017,,Petrol,Unknown,8990.0,USA,craigslist_sfbay
2014 Dodge avenger blacktop edition,Dodge,2014,,Petrol,Unknown,6200.0,USA,craigslist_sfbay
2018 GMC SIERRA 2500HD  CREW CAB 4x4,GMC,2018,,Petrol,Unknown,14900.0,USA,craigslist_sfbay
2006 Jeep Commander,Jeep,2006,,Petrol,Unknown,4000.0,USA,craigslist_sfbay
2012 Toyota 4Runner Limited 4x4,Toyota,2012,,Petrol,Unknown,23800.0,USA,craigslist_sfbay
1997 Toyota Tacoma,Toyota,1997,,Petrol,Unknown,5250.0,USA,craigslist_sfbay
2016 FORD TRANSIT LOW ROOF !,Ford,2016,,Petrol,Unknown,7900.0,USA,craigslist_sfbay
"2011 Toyota Prius Three,One Owner, Excellent Condition",Toyota,2011,,Petrol,Unknown,6500.0,USA,craigslist_sfbay
"2003 Nissan frontier 85,000 miles only",Nissan,2003,,Petrol,Unknown,8900.0,USA,craigslist_sfbay
"2012 Toyota Camry SE, 67k Low mileage & Clean Title",Toyota,2012,,Petrol,Unknown,12900.0,USA,craigslist_sfbay
2013 RAM 5500 Regular Cab KUV Service-Bed,Ram,2013,,Petrol,Unknown,16500.0,USA,craigslist_sfbay
"2012 Toyota Corolla LE, 135k & Clean Title",Toyota,2012,,Petrol,Unknown,6995.0,USA,craigslist_sfbay
2006 Chrysler Town&country rear entry Handicap wheelchair van,Chrysler,2006,,Petrol,Unknown,9950.0,USA,craigslist_sfbay
2013 Ram 3500 Crew Cab  • 4WD • Cummins,Ram,2013,,Petrol,Unknown,24500.0,USA,craigslist_sfbay
2014 Chrysler 300,Chrysler,2014,,Petrol,Unknown,8500.0,USA,craigslist_sfbay
1995 Toyota Corolla DX,Toyota,1995,,Petrol,Unknown,3200.0,USA,craigslist_sfbay
2023 Dodge Charger SXT,Dodge,2023,,Petrol,Unknown,16750.0,USA,craigslist_sfbay
2020 BMW 840i Gran Coupe,BMW,2020,,Petrol,Unknown,29850.0,USA,craigslist_sfbay
2014 Chevrolet (Chevy) Spark Automatic Great Commuter Car,Chevrolet,2014,,Petrol,Unknown,5000.0,USA,craigslist_sfbay
2008 toyota tundra,Toyota,2008,,Petrol,Unknown,10900.0,USA,craigslist_sfbay
2004 Dodge Dakota Slt 4 door crew cab,Dodge,2004,,Petrol,Unknown,5000.0,USA,craigslist_sfbay
2010 Honda Accord EX Sunroof,Honda,2010,,Petrol,Unknown,4800.0,USA,craigslist_sfbay
2017 Ford F-150 SuperCab XL 8' Bed,Ford,2017,,Petrol,Unknown,7950.0,USA,craigslist_sfbay
2011 Subaru outback limited 2.55and editionAWD family owned,Subaru,2011,,Petrol,Unknown,3400.0,USA,craigslist_sfbay
2010 Volvo XC90 AWD 5–7-Seater Family SUV – Clean Title,Volvo,2010,,Petrol,Unknown,5000.0,USA,craigslist_sfbay
2009 Mazda 5 Sport,Mazda,2009,,Petrol,Unknown,2800.0,USA,craigslist_sfbay
2007 TOYOTA TACOMA XTRA CAB TRD PRERUNNER,Toyota,2007,,Petrol,Unknown,10900.0,USA,craigslist_sfbay
2013 FORD FOCUS SPORT TITANIUM HATCHBACK,Ford,2013,,Petrol,Unknown,5500.0,USA,craigslist_sfbay
2019 TOYOTA TACOMA X-CAB  SALVAGE ****20000 ORIGINAL MILES****,Toyota,2019,,Petrol,Unknown,14900.0,USA,craigslist_sfbay
"1998 Chevrolet express Explorer Limited, High van 🚐",Chevrolet,1998,,Petrol,Unknown,6500.0,USA,craigslist_sfbay
2020 16' Isuzu NRR Box Truck,2020,2020,,Petrol,Unknown,49900.0,USA,craigslist_sfbay
2016 Toyota Avalon XLE Clean Title,Toyota,2016,,Petrol,Unknown,11800.0,USA,craigslist_sfbay
2011 Toyota Prius Four 4D hatchback,Toyota,2011,,Petrol,Unknown,6500.0,USA,craigslist_sfbay
2016 Land Rover Range Rover HSE TD6,Land,2016,,Petrol,Unknown,12800.0,USA,craigslist_sfbay
2014 Jaguar F-Type S Convertible - Low miles,2014,2014,,Petrol,Unknown,22500.0,USA,craigslist_sfbay
"2004 awd gmc van 99,000 millas clean title",GMC,2004,,Petrol,Unknown,3500.0,USA,craigslist_sfbay
2004 toyota tacoma 260k miles clean title,Toyota,2004,,Petrol,Unknown,14500.0,USA,craigslist_sfbay
2013 Bentley Continental GT Coupe Custom,Bentley,2013,,Petrol,Unknown,38500.0,USA,craigslist_sfbay
2013 Subaru Outback 2.5L very reliable,Subaru,2013,,Petrol,Unknown,2200.0,USA,craigslist_sfbay
"2011 subaru outback clean title 160,000 miles",Subaru,2011,,Petrol,Unknown,6200.0,USA,craigslist_sfbay
"2011 interseptor p7b 130,000 miles clean title",2011,2011,,Petrol,Unknown,8900.0,USA,craigslist_sfbay
2012 Hyundai Veloster,Hyundai,2012,,Petrol,Unknown,2999.0,USA,craigslist_sfbay
"2013 Chevy Cruze LT, 80k Low mileage",Chevy,2013,,Petrol,Unknown,5800.0,USA,craigslist_sfbay
"2014 Subaru Outback 2.5i Wagon ""Fully Loaded & 76k Low Mileage",Subaru,2014,,Petrol,Unknown,11400.0,USA,craigslist_sfbay
"Rare Find:The Mazda, Driver’s Car 1995 Miata (Certified  Summer Fun )",Rare,1995,,Petrol,Unknown,7500.0,USA,craigslist_sfbay
2014 Chevrolet Volt Plug In Hybrid Clean Title One Owner,Chevrolet,2014,,Petrol,Unknown,5200.0,USA,craigslist_sfbay
"Mercedes 2007 S65AMG (Immaculate Condition, V12)",Mercedes,2007,,Petrol,Unknown,29500.0,USA,craigslist_sfbay
2009 Toyota Prius,Toyota,2009,,Petrol,Unknown,5750.0,USA,craigslist_sfbay
"2008 Honda Odyssey, Touring, One Owner, Excellent Condition",Honda,2008,,Petrol,Unknown,6900.0,USA,craigslist_sfbay
2017 Mercedes Benz GLE 350 Sport Clean Title One Owner,Mercedes,2017,,Petrol,Unknown,10500.0,USA,craigslist_sfbay
2001 Ford Taurus,Ford,2001,,Petrol,Unknown,1400.0,USA,craigslist_sfbay
1993 GMC Sierra,GMC,1993,,Petrol,Unknown,3999.0,USA,craigslist_sfbay
2010 Ford Focus S Clean Title 1 Owner!,Ford,2010,,Petrol,Unknown,4000.0,USA,craigslist_sfbay
2004 Toyota Camry Clean Title,Toyota,2004,,Petrol,Unknown,4900.0,USA,craigslist_sfbay
1999 Honda Civic EX Clean Title,Honda,1999,,Petrol,Unknown,4950.0,USA,craigslist_sfbay
"Runs Great and Registered! 2002 Mercedes C230, Pink Slip In Hand",Mercedes,2002,,Petrol,Unknown,2300.0,USA,craigslist_sfbay
1999 Toyota Camry LE Clean Title,Toyota,1999,,Petrol,Unknown,3900.0,USA,craigslist_sfbay
2001 Toyota Highlander Limited 4WD!,Toyota,2001,,Petrol,Unknown,5900.0,USA,craigslist_sfbay
2013 Audi A6 3.0T Quattro V6 Supercharged,Audi,2013,,Petrol,Unknown,2900.0,USA,craigslist_sfbay
2011 Toyota Sienna LE 8-Passanger,Toyota,2011,,Petrol,Unknown,9550.0,USA,craigslist_sfbay
2014 NISSAN PATHFINDER HYBRID SL,Nissan,2014,,Petrol,Unknown,5800.0,USA,craigslist_sfbay
2008 chevy impala,Chevy,2008,,Petrol,Unknown,3500.0,USA,craigslist_sfbay
2019 BMW 3 Series · 330i Sedan 4D,BMW,2019,,Petrol,Unknown,20000.0,USA,craigslist_sfbay
"2011 Acura Mdx Tech Package, Clean title",Acura,2011,,Petrol,Unknown,11800.0,USA,craigslist_sfbay
"2011 Jeep Wrangler, Clean title, 104 k miles",Jeep,2011,,Petrol,Unknown,13900.0,USA,craigslist_sfbay
"2015 Kia Optima, Clean Title, 99k miles",Kia,2015,,Petrol,Unknown,6850.0,USA,craigslist_sfbay
2012 Toyota Prius Sea Glass Pearl 128k Miles Fully Loaded Leather!!!,Toyota,2012,,Petrol,Unknown,6200.0,USA,craigslist_sfbay
"2015 Honda Civic SI, Clean Title, 91k Miles",Honda,2015,,Petrol,Unknown,14900.0,USA,craigslist_sfbay
2003 4x4 GMC Sierra 2500hd lb7 duramax,GMC,2003,,Petrol,Unknown,28000.0,USA,craigslist_sfbay
2008 Mazda Miata Grand Touring 6MT w/ Bilsteins,Mazda,2008,,Petrol,Unknown,7200.0,USA,craigslist_sfbay
2006 Ford Escape Hybrid AWD,Ford,2006,,Petrol,Unknown,3950.0,USA,craigslist_sfbay
2021 Mazda 3,Mazda,2021,,Petrol,Unknown,18500.0,USA,craigslist_sfbay
2002 BMW 540iat for sale,BMW,2002,,Petrol,Unknown,16500.0,USA,craigslist_sfbay
2015 Ford Fusion SE,Ford,2015,,Petrol,Unknown,6900.0,USA,craigslist_sfbay
"2013 Hyundai Sonata GLS ""Clean Title""",Hyundai,2013,,Petrol,Unknown,4800.0,USA,craigslist_sfbay
"2016 Volvo XC60 T5 AWD ""80 k & Fully Loaded""",Volvo,2016,,Petrol,Unknown,10700.0,USA,craigslist_sfbay
2019 ram 1500 quad cab bighorn,Ram,2019,,Petrol,Unknown,14500.0,USA,craigslist_sfbay
"** 2008 BMW 335i 600HP Upgraded, E90 FBO **",BMW,2008,,Petrol,Unknown,8000.0,USA,craigslist_sfbay
2003 lexus ls430,Lexus,2003,,Petrol,Unknown,2800.0,USA,craigslist_sfbay
2011 Porsche Cayenne S Hybrid (88000 miles),Porsche,2011,,Petrol,Unknown,12500.0,USA,craigslist_sfbay
2014 Honda Civic LX-1 owner,Honda,2014,,Petrol,Unknown,9950.0,USA,craigslist_sfbay
2011 Volkswagen Jetta,Volkswagen,2011,,Petrol,Unknown,4900.0,USA,craigslist_sfbay
2017 DODGE RAM 1500 TRADESMAN SLT CLEAN TITLE,Dodge,2017,,Petrol,Unknown,9950.0,USA,craigslist_sfbay
2018 Audi Q5 Premium (58000 miles),Audi,2018,,Petrol,Unknown,16900.0,USA,craigslist_sfbay
2007 Mustang convertible,2007,2007,,Petrol,Unknown,10600.0,USA,craigslist_sfbay
2007 VW Jetta 2.5 PZEV 5 speed MANUAL transmission Wolfsburg edition,VW,2007,,Petrol,Unknown,4950.0,USA,craigslist_sfbay
2015 Subaru Crosstrek Hybrid,Subaru,2015,,Petrol,Unknown,8300.0,USA,craigslist_sfbay
Toyota Avalon XLS 2003,Toyota,2003,,Petrol,Unknown,3500.0,USA,craigslist_sfbay
2010 Honda Element,Honda,2010,,Petrol,Unknown,9500.0,USA,craigslist_sfbay
2015 Infiniti QX50 Journey AWD,Infiniti,2015,,Petrol,Unknown,8995.0,USA,craigslist_sfbay
2012 Mitsubishi Eclipse Convertible Spyder GS Sport 29 MPG “PASS SMOG”,Mitsubishi,2012,,Petrol,Unknown,3900.0,USA,craigslist_sfbay
2018 Dodge Journey SE 3rd row seating,Dodge,2018,,Petrol,Unknown,6500.0,USA,craigslist_sfbay
"2007 Lexus RX350 very well-kept, Clean title SMOG done, heated seats",Lexus,2007,,Petrol,Unknown,3900.0,USA,craigslist_sfbay
2005 JEEP GRAND CHEROKEE LTD SPORT 4X4. SMOGD. CLEAN TITLE & CARFAX,Jeep,2005,,Petrol,Unknown,2700.0,USA,craigslist_sfbay
2003 ford f250 super duty,Ford,2003,,Petrol,Unknown,4500.0,USA,craigslist_losangeles
2015 Lexus RX350 AWD,Lexus,2015,,Petrol,Unknown,16500.0,USA,craigslist_losangeles
2011 Chevrolet Equinox LT suv 87k mile pink slip runs wonderful,Chevrolet,2011,,Petrol,Unknown,5500.0,USA,craigslist_losangeles
"2013 lexus gs 350, smog check",Lexus,2013,,Petrol,Unknown,7500.0,USA,craigslist_losangeles
"2019 Honda civic ex, 93k miles, 2 owners, smog  check",Honda,2019,,Petrol,Unknown,8500.0,USA,craigslist_losangeles
"2018 nissan maxima, 96k miles, 2 owners, 2 keys",Nissan,2018,,Petrol,Unknown,7500.0,USA,craigslist_losangeles
2025 HONDA PILOT EX-L,Honda,2025,,Petrol,Unknown,42900.0,USA,craigslist_losangeles
Excellent 2023 Ford Ranger XLT,Ford,2023,,Petrol,Unknown,16500.0,USA,craigslist_losangeles
2013 Ford E-350 box van Box van 18/20 foot box flex fuel,Ford,2013,,Petrol,Unknown,5150.0,USA,craigslist_losangeles
2007 Toyota Tacoma PreRunner V6 SR5 extra cab,Toyota,2007,,Petrol,Unknown,7150.0,USA,craigslist_losangeles
2015 FORD F 550 MECHANICS SERVICE TRUCK 6.7 POWER STROKE DIESEL,Ford,2015,,Petrol,Unknown,36500.0,USA,craigslist_losangeles
Original owners 2005 Ford F 150 less the 140k miles,Ford,2005,,Petrol,Unknown,2900.0,USA,craigslist_losangeles
"2009 Cadillac Escalade Hybrid 142,000 Miles Super Clean",Cadillac,2009,,Petrol,Unknown,8000.0,USA,craigslist_losangeles
2008 Mazda Tribute 4 Cylinder drives perfect,Mazda,2008,,Petrol,Unknown,3000.0,USA,craigslist_losangeles
** 2019 Dodge Voyager Low miles Like new 7 seats Strong 4 cyl. 25 MPG,Dodge,2019,,Petrol,Unknown,8850.0,USA,craigslist_losangeles
"2001 Toyota 4Runner SR5 4WD, Center Diff Lock, 1-Family Owned",Toyota,2001,,Petrol,Unknown,12900.0,USA,craigslist_losangeles
2006 Acura RL SH-AWD. Technology package. White Pearl,Acura,2006,,Petrol,Unknown,5500.0,USA,craigslist_losangeles
2014 Volkswagen Passat,Volkswagen,2014,,Petrol,Unknown,4000.0,USA,craigslist_losangeles
2007 Chevrolet Silverado 2500 HD Dump Truck. Original miles 50k!,Chevrolet,2007,,Petrol,Unknown,27500.0,USA,craigslist_losangeles
2005 Dodge Magnum SE – 2.7L V6 – Mechanic Special / Project / Parts Ca,Dodge,2005,,Petrol,Unknown,1200.0,USA,craigslist_losangeles
2004 Toyota Corolla,Toyota,2004,,Petrol,Unknown,2800.0,USA,craigslist_losangeles
2011 Honda Element EX 4WD AUTOMATIC VERY LOW MILES EXCEPTIONAL,Honda,2011,,Petrol,Unknown,19000.0,USA,craigslist_losangeles
2017 BMW 7 SERIES-BLACK ON BLACK,BMW,2017,,Petrol,Unknown,17000.0,USA,craigslist_losangeles
2013 Chevrolet Suburban LT – Runs on Gas and Cheap E-85 Flex Fuel! - $,Chevrolet,2013,,Petrol,Unknown,6500.0,USA,craigslist_losangeles
"2021 Honda Accord Sport Silver, 1 Owner, CA CLEAN TITLE IN HAND",Honda,2021,,Petrol,Unknown,16900.0,USA,craigslist_losangeles
2008 Mercedes Benz C350,Mercedes,2008,,Petrol,Unknown,4700.0,USA,craigslist_losangeles
2007 Chrysler 300,Chrysler,2007,,Petrol,Unknown,5295.0,USA,craigslist_losangeles
"2012 Buick LaCrosse Premium – Low Miles, E85, Huge Gas Savings",Buick,2012,,Petrol,Unknown,6000.0,USA,craigslist_losangeles
2013 Kia Soul,Kia,2013,,Petrol,Unknown,4000.0,USA,craigslist_losangeles
"🚗 For Sale: 2016 Honda Civic EX-L – Excellent Condition, Fully Mainta",Honda,2016,,Petrol,Unknown,13500.0,USA,craigslist_losangeles
2013 Kia Optima  Hybrid One Owner,Kia,2013,,Petrol,Unknown,4999.0,USA,craigslist_losangeles
2010 Subaru Legacy,Subaru,2010,,Petrol,Unknown,4100.0,USA,craigslist_losangeles
2015 Toyota Highlander LE Plus – Clean Title – 3rd Row – Runs Great,Toyota,2015,,Petrol,Unknown,12500.0,USA,craigslist_losangeles
2012 Nissan Rogue,Nissan,2012,,Petrol,Unknown,2800.0,USA,craigslist_losangeles
2012 Honda Odyssey,Honda,2012,,Petrol,Unknown,2500.0,USA,craigslist_losangeles
Ford 2014 f450 commercial truck,Ford,2014,,Petrol,Unknown,34000.0,USA,craigslist_losangeles
2013 ACURA TSX 4 CYLINDER GAS SAVER,Acura,2013,,Petrol,Unknown,6999.0,USA,craigslist_losangeles
2008 BMW x5,BMW,2008,,Petrol,Unknown,4495.0,USA,craigslist_losangeles
2005 Scion tC - Stick Shift,2005,2005,,Petrol,Unknown,2999.0,USA,craigslist_losangeles
2007 TOYOTA SEQUOIA,Toyota,2007,,Petrol,Unknown,5500.0,USA,craigslist_losangeles
2017 Mazda 3 Hatchback,Mazda,2017,,Petrol,Unknown,8000.0,USA,craigslist_losangeles
2006 Mercedes Benz ML350 ML 350,Mercedes,2006,,Petrol,Unknown,2950.0,USA,craigslist_losangeles
2003 Ford Excursion,Ford,2003,,Petrol,Unknown,7500.0,USA,craigslist_losangeles
2017 Honda Accord Sport Special Edition,Honda,2017,,Petrol,Unknown,11500.0,USA,craigslist_losangeles
2007 Chrysler PT Cruiser clean title 4 cyl smog ready very low miles,Chrysler,2007,,Petrol,Unknown,2700.0,USA,craigslist_losangeles
2019 Toyota Prius,Toyota,2019,,Petrol,Unknown,13700.0,USA,craigslist_losangeles
2006 Toyota Corolla Matrix,Toyota,2006,,Petrol,Unknown,5000.0,USA,craigslist_losangeles
Super Clean 2006 Nissan 350Z Touring Navigation FAST! Bone stock,Nissan,2006,,Petrol,Unknown,9995.0,USA,craigslist_losangeles
2016 Toyota Prius three touring,Toyota,2016,,Petrol,Unknown,9400.0,USA,craigslist_losangeles
2017 Acura TLX,Acura,2017,,Petrol,Unknown,9000.0,USA,craigslist_losangeles
2017 subaru legacy 3.6r limited,Subaru,2017,,Petrol,Unknown,7500.0,USA,craigslist_losangeles
2015 dodge ram 1500 SLT,Dodge,2015,,Petrol,Unknown,11500.0,USA,craigslist_losangeles
2017 Kia optima lx,Kia,2017,,Petrol,Unknown,6500.0,USA,craigslist_losangeles
2017 bmw x6 xdrive35,BMW,2017,,Petrol,Unknown,14500.0,USA,craigslist_losangeles
2017 Honda civic ex,Honda,2017,,Petrol,Unknown,10500.0,USA,craigslist_losangeles
2015 ford explorer limited,Ford,2015,,Petrol,Unknown,6900.0,USA,craigslist_losangeles
2007 Cadillac Escalade,Cadillac,2007,,Petrol,Unknown,7000.0,USA,craigslist_losangeles
2017 Honda civic lx,Honda,2017,,Petrol,Unknown,10000.0,USA,craigslist_losangeles
2000 Toyota Truck Tacoma Extra/Cap SR5 4Cyl 2nd Owner Since 2001Exce,Toyota,2000,,Petrol,Unknown,5900.0,USA,craigslist_losangeles
2023 Subaru Ascent Touring with 40K miles top of the line,Subaru,2023,,Petrol,Unknown,23900.0,USA,craigslist_losangeles
2006 Toyota Camry - Excellent Service Records,Toyota,2006,,Petrol,Unknown,6900.0,USA,craigslist_losangeles
2023 Accord hybrid,2023,2023,,Petrol,Unknown,28800.0,USA,craigslist_losangeles
2015 Sonata-Hybrid,2015,2015,,Petrol,Unknown,4700.0,USA,craigslist_losangeles
2012 Mustang,2012,2012,,Petrol,Unknown,5800.0,USA,craigslist_losangeles
2004 F150 4dr SuperCrew 4WD FX4 Lariat 5.4V8 1Fam Own Everything Works,2004,2004,,Petrol,Unknown,9900.0,USA,craigslist_losangeles
2005 Toyota Sequoia SR5 2WD,Toyota,2005,,Petrol,Unknown,3650.0,USA,craigslist_losangeles
2013 Honda Accord Sport Original White 2nd Owner Excellent Condition,Honda,2013,,Petrol,Unknown,8700.0,USA,craigslist_losangeles
Black 2016 Kia soul clean title low miles automatic,Kia,2016,,Petrol,Unknown,7850.0,USA,craigslist_losangeles
2003 Toyota Tacoma 4WD Extra Cab 4 Cylinder 5 Speed Stick Shift,Toyota,2003,,Petrol,Unknown,15995.0,USA,craigslist_losangeles
1995 Mercedes-Benz s600,1995,1995,,Petrol,Unknown,42000.0,USA,craigslist_losangeles
2004 Covert Toyota Corolla LE,Toyota,2004,,Petrol,Unknown,7777.0,USA,craigslist_losangeles
"2001 Jaguar S-type 3.0, only 122,100 miles, nice car",2001,2001,,Petrol,Unknown,3900.0,USA,craigslist_losangeles
2009 Jeep Wrangler Rubicon,Jeep,2009,,Petrol,Unknown,21000.0,USA,craigslist_losangeles
2018 Hyundai Kona Turbo 7 Speed Low Mileage One Owner,Hyundai,2018,,Petrol,Unknown,9399.0,USA,craigslist_losangeles
2006 Acura TSX - 1 Owner/Low Miles,Acura,2006,,Petrol,Unknown,8500.0,USA,craigslist_losangeles
2005 BMW 645 Convertible,BMW,2005,,Petrol,Unknown,3999.0,USA,craigslist_losangeles
2016 Nissan Altima,Nissan,2016,,Petrol,Unknown,5550.0,USA,craigslist_losangeles
Toyota camry LE 2012,Toyota,2012,,Petrol,Unknown,7500.0,USA,craigslist_losangeles
2004 Range Rover,2004,2004,,Petrol,Unknown,5000.0,USA,craigslist_losangeles
2025 Hyundai Sonata,Hyundai,2025,,Petrol,Unknown,20000.0,USA,craigslist_losangeles
2005 Chevrolet Astro van,Chevrolet,2005,,Petrol,Unknown,3000.0,USA,craigslist_losangeles
2022 Jeep Grand Cherokee,Jeep,2022,,Petrol,Unknown,16000.0,USA,craigslist_losangeles
2014 Toyota Tacoma,Toyota,2014,,Petrol,Unknown,17500.0,USA,craigslist_losangeles
2020 Kia Sorento  LX - 7 Passanger Seater - Family Car - Low Mileage - Clean Tit,Kia,2020,,Petrol,Unknown,11800.0,USA,craigslist_losangeles
"2012 Lexus CT 200h Hybrid - Clean, Reliable & Fuel Efficient!",Lexus,2012,,Petrol,Unknown,8400.0,USA,craigslist_losangeles
2019 Mercedes benz G63 AMG,Mercedes,2019,,Petrol,Unknown,120000.0,USA,craigslist_losangeles
2017 Kia Optima EX Hybrid with only 60300 miles,Kia,2017,,Petrol,Unknown,9950.0,USA,craigslist_losangeles
2013 ford focus,Ford,2013,,Petrol,Unknown,4500.0,USA,craigslist_losangeles
2014 Hyundai sonata,Hyundai,2014,,Petrol,Unknown,4600.0,USA,craigslist_losangeles
2018 Audi Q7 3.0T Premium Plus 🖤🚀🔊,Audi,2018,,Petrol,Unknown,12495.0,USA,craigslist_losangeles
2006 Ford Fusion,Ford,2006,,Petrol,Unknown,2100.0,USA,craigslist_losangeles
2013 Jeep Grand Cherokee Black Overlander Beautiful 67k MilesMust See!,Jeep,2013,,Petrol,Unknown,15900.0,USA,craigslist_losangeles
2006 Toyota 4runner Limited 4wd 4x4 1 owner,Toyota,2006,,Petrol,Unknown,16800.0,USA,craigslist_losangeles
2003 Mercedes Benz E320 - Clean Tile,Mercedes,2003,,Petrol,Unknown,8500.0,USA,craigslist_losangeles
2022 SUBARU FORESTER WILDERNESS,Subaru,2022,,Petrol,Unknown,22500.0,USA,craigslist_losangeles
2020 Hyundai Elantra SEL  + No Accident + One Owner + Like New,Hyundai,2020,,Petrol,Unknown,9800.0,USA,craigslist_losangeles
2019 HONDA ACCORD - ONE OWNER | CLEAN TITLE | LIKE NEW,Honda,2019,,Petrol,Unknown,14900.0,USA,craigslist_losangeles
2011 Ford Escape Limited - * Navigation * Smogged -* Flex fuel E85,Ford,2011,,Petrol,Unknown,4999.0,USA,craigslist_losangeles
2022 Dodge Challenger R/T Special,Dodge,2022,,Petrol,Unknown,22999.0,USA,craigslist_losangeles
2014 Toyota Tacoma,Toyota,2014,,Petrol,Unknown,12000.0,USA,craigslist_losangeles
2011 FORD F-350 SUPER DUTY,Ford,2011,,Petrol,Unknown,8950.0,USA,craigslist_losangeles
2010 Ford E-250 Cargo Van Clean Title 55k Miles,Ford,2010,,Petrol,Unknown,8500.0,USA,craigslist_losangeles
2015 Toyota Sienna SE 1 owner,Toyota,2015,,Petrol,Unknown,16800.0,USA,craigslist_losangeles
"2018 GMC Acadia SLE  My Family Car , Clean Title , 7 Seater",GMC,2018,,Petrol,Unknown,10800.0,USA,craigslist_losangeles
2007 Ford F-350 XL Flatbed Stake Bed  5.4L V8 Dual Rear Wheels,Ford,2007,,Petrol,Unknown,7000.0,USA,craigslist_losangeles
2007 Jeep Commander,Jeep,2007,,Petrol,Unknown,4950.0,USA,craigslist_losangeles
2018 Nissan Versa Note SV Hatchback- Super Clean  - No Accident - One Owner,Nissan,2018,,Petrol,Unknown,7900.0,USA,craigslist_losangeles
2016 Mercedes Benz CLS 400,Mercedes,2016,,Petrol,Unknown,17990.0,USA,craigslist_losangeles
2000 F150,2000,2000,,Petrol,Unknown,3500.0,USA,craigslist_losangeles
2005 F150,2005,2005,,Petrol,Unknown,5000.0,USA,craigslist_losangeles
2014 Range Rover Sport HSE,2014,2014,,Petrol,Unknown,12500.0,USA,craigslist_losangeles
Corvette 2007,Corvette,2007,,Petrol,Unknown,11500.0,USA,craigslist_losangeles
1991 Oldsmobile Cutlass Supreme Convertible Very Rare,1991,1991,,Petrol,Unknown,8999.0,USA,craigslist_losangeles
2020 Chevrolet Equinox LT - * No Accident * Like New*  One Owner *  Low Mileage,Chevrolet,2020,,Petrol,Unknown,10800.0,USA,craigslist_losangeles
"2008 Nissan Titan SE 5.6 v8, Crew Cab, ONLY 133k miles, clean title",Nissan,2008,,Petrol,Unknown,7995.0,USA,craigslist_losangeles
2018 Buick encore clean title 4 cylinder smog ready,Buick,2018,,Petrol,Unknown,5900.0,USA,craigslist_losangeles
2007 Dodge RAM 3500 SLT 4X4  6.7 Cummins *Clean Title*,Dodge,2007,,Petrol,Unknown,25900.0,USA,craigslist_losangeles
2014 BMW 550i M,BMW,2014,,Petrol,Unknown,6900.0,USA,craigslist_losangeles
2018 Nissan Sentra SV Low Mileage ^  Clean Title ^ Super Clean ^ No Accident,Nissan,2018,,Petrol,Unknown,7800.0,USA,craigslist_losangeles
2000 Chevrolet Tahoe LS SUV,Chevrolet,2000,,Petrol,Unknown,5000.0,USA,craigslist_losangeles
2006 Jeep Cherokee,Jeep,2006,,Petrol,Unknown,4600.0,USA,craigslist_losangeles
2004 Volvo s60,Volvo,2004,,Petrol,Unknown,3500.0,USA,craigslist_losangeles
2018 Ford Focus SE,Ford,2018,,Petrol,Unknown,9500.0,USA,craigslist_losangeles
1992 Mercedes 300se w140 body,Mercedes,1992,,Petrol,Unknown,4800.0,USA,craigslist_losangeles
1991 Toyota dolfin,Toyota,1991,,Petrol,Unknown,4900.0,USA,craigslist_losangeles
1998 Mercedes S420 (140 body),Mercedes,1998,,Petrol,Unknown,3500.0,USA,craigslist_losangeles
"2019 HONDA ODYSSEY  TOURING , 63,700 millas ,",Honda,2019,,Petrol,Unknown,15900.0,USA,craigslist_losangeles
1999 Dodge ram B 3500,Dodge,1999,,Petrol,Unknown,14800.0,USA,craigslist_losangeles
"2015 HONDA ACCORD SPORT , PRIVATE OWNER ,",Honda,2015,,Petrol,Unknown,12900.0,USA,craigslist_losangeles
2020 Cheyvy Blazer RS,2020,2020,,Petrol,Unknown,12950.0,USA,craigslist_losangeles
2016 Chrysler 200  Limited Sedan 4D,Chrysler,2016,,Petrol,Unknown,4995.0,USA,craigslist_losangeles
2017 toyota corolla,Toyota,2017,,Petrol,Unknown,7900.0,USA,craigslist_losangeles
2006 GMC Canyon SLE 107k original miles,GMC,2006,,Petrol,Unknown,5500.0,USA,craigslist_losangeles
2002 Honda Accord,Honda,2002,,Petrol,Unknown,1000.0,USA,craigslist_losangeles
2020 Hyundai Ioniq,Hyundai,2020,,Petrol,Unknown,6500.0,USA,craigslist_losangeles
2013 Mercedes Benz C250 SPORT,Mercedes,2013,,Petrol,Unknown,7950.0,USA,craigslist_losangeles
"2006 Toyota Tundra RS5 / 57,000 / One owner",Toyota,2006,,Petrol,Unknown,16200.0,USA,craigslist_losangeles
2007 Mercedes Benz E-350,Mercedes,2007,,Petrol,Unknown,3200.0,USA,craigslist_losangeles
2011 Porsche Cayenne,Porsche,2011,,Petrol,Unknown,9700.0,USA,craigslist_losangeles
2007 Chevrolet HHR,Chevrolet,2007,,Petrol,Unknown,1700.0,USA,craigslist_losangeles
2005 Toyota Camry Xle,Toyota,2005,,Petrol,Unknown,6800.0,USA,craigslist_losangeles
"2019 Chevy Silverado Chevrolet 1500 LT 4x4 4.3L V6, Crew Cab",Chevy,2019,,Petrol,Unknown,16800.0,USA,craigslist_losangeles
"2005 Hummer H2 SUT - Lifted, Custom Wheels, Fox Shocks",2005,2005,,Petrol,Unknown,29500.0,USA,craigslist_losangeles
"2011 Chevy Express 3500 14ft Box Truck w/Lift Gate for $13,500 OBO",Chevy,2011,,Petrol,Unknown,13500.0,USA,craigslist_losangeles
2020 INTERNATIONAL MV607 EXTENDED CAB,2020,2020,,Petrol,Unknown,38000.0,USA,craigslist_losangeles
"•••• 2002 Toyota Sienna Symphony 1st owner very comfort $5,500",Toyota,2002,,Petrol,Unknown,5500.0,USA,craigslist_losangeles
Weekly deal - 2008 Toyota Solara SLE,Toyota,2008,,Petrol,Unknown,1999.0,USA,craigslist_losangeles
2015 Dodge Dart SE,Dodge,2015,,Petrol,Unknown,4200.0,USA,craigslist_losangeles
"2006 Toyota Camry (Gas-saver, Clean title, Low miles)",Toyota,2006,,Petrol,Unknown,6900.0,USA,craigslist_losangeles
2017 Honda Pilot EXL AWD w/DVD Entertainment w/Blind Assist Camera,Honda,2017,,Petrol,Unknown,14800.0,USA,craigslist_losangeles
1993 Ford Mustang Foxbody LX,Ford,1993,,Petrol,Unknown,25000.0,USA,craigslist_losangeles
2016 Land Rover LR4 HSE V6 Supercharger,Land,2016,,Petrol,Unknown,23888.0,USA,craigslist_losangeles
2014 BMW 328i Clean Title Great Condition Turbo,BMW,2014,,Petrol,Unknown,6500.0,USA,craigslist_losangeles
2013 Kia Forte koupe EX,Kia,2013,,Petrol,Unknown,5499.0,USA,craigslist_losangeles
2018 V8 Jeep Grand Cherokee SRT8 Sport Utility 4D,Jeep,2018,,Petrol,Unknown,32000.0,USA,craigslist_losangeles
2012 Subaru Outback 3.6R Limited Wagon 4D,Subaru,2012,,Petrol,Unknown,2500.0,USA,craigslist_losangeles
2002 ford focus SVT,Ford,2002,,Petrol,Unknown,3300.0,USA,craigslist_losangeles
2012 Nissan Altima,Nissan,2012,,Petrol,Unknown,2595.0,USA,craigslist_losangeles
Mazda CX-30 2024 AWD,Mazda,2024,,Petrol,Unknown,15500.0,USA,craigslist_losangeles
2020 Hyundai Santa Fe Sel - AWD - hyundai - sante fe (like kia),Hyundai,2020,,Petrol,Unknown,15800.0,USA,craigslist_losangeles
2020 honda civic,Honda,2020,,Petrol,Unknown,18500.0,USA,craigslist_losangeles
2014 Kia Optima LX,Kia,2014,,Petrol,Unknown,4900.0,USA,craigslist_losangeles
"2018 Chevrolet Silverado 1500 , chevy, chevrolet",Chevrolet,2018,,Petrol,Unknown,13900.0,USA,craigslist_losangeles
2013 BMW 335i (6 Cylinder Turbo) Like 340i or 328i,BMW,2013,,Petrol,Unknown,11300.0,USA,craigslist_losangeles
"2020 FORD TRANSIT CONNET XLT , 1 OWNER",Ford,2020,,Petrol,Unknown,14900.0,USA,craigslist_losangeles
2017 Toyota Tacoma Double Cab SR5 Pickup 4D 5 ft,Toyota,2017,,Petrol,Unknown,16500.0,USA,craigslist_losangeles
2013 Honda Crosstour,Honda,2013,,Petrol,Unknown,7000.0,USA,craigslist_losangeles
2012 Jeep Wrangler Sport 4x4 2 door Low miles,Jeep,2012,,Petrol,Unknown,13500.0,USA,craigslist_losangeles
"2015 Toyota Prius Hybrid 11,100 OBO",Toyota,2015,,Petrol,Unknown,11100.0,USA,craigslist_losangeles
2020 Chevrolet Trax - 4 cylinder - clean title GAS SAVER (ford honda),Chevrolet,2020,,Petrol,Unknown,9000.0,USA,craigslist_losangeles
******2005 Toyota Camry LE 1st owner ready $5500 ****,Toyota,2005,,Petrol,Unknown,5500.0,USA,craigslist_losangeles
2020 Ford F-150 XLT (5.0L V8) CLEAN TITLE F150 FLEX FUEL,Ford,2020,,Petrol,Unknown,23900.0,USA,craigslist_losangeles
2024 honda accord,Honda,2024,,Petrol,Unknown,26900.0,USA,craigslist_losangeles
2016 Chevy Sonic,Chevy,2016,,Petrol,Unknown,2900.0,USA,craigslist_losangeles
Mercedes Benz s500 2008,Mercedes,2008,,Petrol,Unknown,6500.0,USA,craigslist_losangeles
2016 Chrysler Town & Country Touring - clean title (Pacifica),Chrysler,2016,,Petrol,Unknown,7900.0,USA,craigslist_losangeles
2015 Mazda CX9 133K miles,Mazda,2015,,Petrol,Unknown,7200.0,USA,craigslist_losangeles
2018 chevy colorado,Chevy,2018,,Petrol,Unknown,12800.0,USA,craigslist_losangeles
2018 Chevy Silverado Custom 6 cylinder FLEX FUEL Chevrolet,Chevy,2018,,Petrol,Unknown,17900.0,USA,craigslist_losangeles
2022 Bmw M340i - CLEAN TITLE - B58 340i 335i,BMW,2022,,Petrol,Unknown,27000.0,USA,craigslist_losangeles
BMW 2005 530xi,BMW,2005,,Petrol,Unknown,6500.0,USA,craigslist_losangeles
2015 Porsche Panamera S,Porsche,2015,,Petrol,Unknown,31500.0,USA,craigslist_losangeles
"2016 Acura MDX w Navigation w/Blind Assist, Clean Title, 78,499 Miles",Acura,2016,,Petrol,Unknown,14500.0,USA,craigslist_losangeles
2011 Mercedes E350 4D Sedan - Low Mileage -Excellent Conditions,Mercedes,2011,,Petrol,Unknown,8300.0,USA,craigslist_losangeles
2011 Honda CR-V EX AWD – Original Owner – 123k Miles,Honda,2011,,Petrol,Unknown,9800.0,USA,craigslist_losangeles
2008 Pontiac Solstice SCCA/SBB Convertible Sports Car,2008,2008,,Petrol,Unknown,12500.0,USA,craigslist_losangeles
2005 Lincoln navigator,Lincoln,2005,,Petrol,Unknown,1800.0,USA,craigslist_losangeles
1991 Toyota Pickup,Toyota,1991,,Petrol,Unknown,4000.0,USA,craigslist_losangeles
Toyota Rav4 2016,Toyota,2016,,Petrol,Unknown,15000.0,USA,craigslist_losangeles
2013 Bentley Continental GT Coupe Custom,Bentley,2013,,Petrol,Unknown,38500.0,USA,craigslist_losangeles
2008 Honda pilot,Honda,2008,,Petrol,Unknown,4200.0,USA,craigslist_losangeles
2003 Toyota Camry XLE 101k Miles,Toyota,2003,,Petrol,Unknown,5800.0,USA,craigslist_losangeles
"2017 ACURA MDX , 98,100 MILLAS , PRIVATE OWNER ,",Acura,2017,,Petrol,Unknown,14900.0,USA,craigslist_losangeles
>>>>€€€€  2017 Lexus Hybrid ES300h / Rns Like New !,Lexus,2017,,Petrol,Unknown,500.0,USA,craigslist_losangeles
2005 Jeep Liberty clean title smog ready,Jeep,2005,,Petrol,Unknown,2700.0,USA,craigslist_losangeles
Nissan Rogue 2011,Nissan,2011,,Petrol,Unknown,7500.0,USA,craigslist_losangeles
2003 Honda element ex awd,Honda,2003,,Petrol,Unknown,6200.0,USA,craigslist_losangeles
2015 Jeep Grand Cherokee Summit,Jeep,2015,,Petrol,Unknown,12500.0,USA,craigslist_losangeles
Toyota tacoma 2.7L double cab 2011,Toyota,2011,,Petrol,Unknown,10900.0,USA,craigslist_losangeles
2004 Honda Crv ex awd 1-owner,Honda,2004,,Petrol,Unknown,5300.0,USA,craigslist_losangeles
2003 Honda Odyssey EX-L,Honda,2003,,Petrol,Unknown,4700.0,USA,craigslist_losangeles
2007 Mercedes S550 luxury sedan,Mercedes,2007,,Petrol,Unknown,7500.0,USA,craigslist_losangeles
4 Sale 2014 Honda Accord LX Sedan 4 Cylinder Gas Saver,Honda,2014,,Petrol,Unknown,7900.0,USA,craigslist_losangeles
2011 Lexus LS 460 AWD,Lexus,2011,,Petrol,Unknown,11500.0,USA,craigslist_losangeles
2014 Toyota Corolla - Runs Well - Clean Title,Toyota,2014,,Petrol,Unknown,8990.0,USA,craigslist_losangeles
2018 KIA Optima SX Turbo - Clean Title,Kia,2018,,Petrol,Unknown,13888.0,USA,craigslist_losangeles
2010 Toyota Corolla s,Toyota,2010,,Petrol,Unknown,5800.0,USA,craigslist_losangeles
2009 Acura tsx w/ tech package,Acura,2009,,Petrol,Unknown,7200.0,USA,craigslist_losangeles
2009 Honda accord ex-l,Honda,2009,,Petrol,Unknown,5800.0,USA,craigslist_losangeles
2016 BMW 320i,BMW,2016,,Petrol,Unknown,3500.0,USA,craigslist_losangeles
2016 Ram 1500,Ram,2016,,Petrol,Unknown,6500.0,USA,craigslist_losangeles
2011  Toyota Tacoma V6 PreRunner,Toyota,2011,,Petrol,Unknown,10900.0,USA,craigslist_losangeles
2011 VW Tiguan,VW,2011,,Petrol,Unknown,4000.0,USA,craigslist_losangeles
2013 hyundai tucson,Hyundai,2013,,Petrol,Unknown,4900.0,USA,craigslist_losangeles
2015 dodge journey,Dodge,2015,,Petrol,Unknown,5900.0,USA,craigslist_losangeles
"2008 Honda Odyssey, EX,120k.miles, 8 passenger",Honda,2008,,Petrol,Unknown,6500.0,USA,craigslist_losangeles
2015 Honda accord EX-L,Honda,2015,,Petrol,Unknown,7800.0,USA,craigslist_losangeles
1992 Cadillac Deville,Cadillac,1992,,Petrol,Unknown,1000.0,USA,craigslist_losangeles
"2009 Hyundai Accent 120,000 miles 30 mpg runs excellent cold AC",Hyundai,2009,,Petrol,Unknown,3300.0,USA,craigslist_losangeles
2012 NISSAN MURANO SL EDITION FAMILY SUV- ROAD TRIP READY-GREAT ON GAS,Nissan,2012,,Petrol,Unknown,4800.0,USA,craigslist_losangeles
"2016 Mercedes Sprinter 2500 170"" Super High Roof Conversion",Mercedes,2016,,Petrol,Unknown,29500.0,USA,craigslist_losangeles
2018 SILVERADO,2018,2018,,Petrol,Unknown,10500.0,USA,craigslist_losangeles
2018 Tesla Model 3 - Performance - Long Range - Clean title,Tesla,2018,,Petrol,Unknown,21000.0,USA,craigslist_losangeles
2001 Honda Passport Lx Suv- Off Road Ready - Super Reliable-Cold Ac,Honda,2001,,Petrol,Unknown,4500.0,USA,craigslist_losangeles
2013 kia soul,Kia,2013,,Petrol,Unknown,3400.0,USA,craigslist_losangeles
2017 Nissan Altima SV,Nissan,2017,,Petrol,Unknown,6900.0,USA,craigslist_losangeles
2010 toyota corolla le 89xxx miles drives good,Toyota,2010,,Petrol,Unknown,3500.0,USA,craigslist_losangeles
"Ford Fusion 2012, Runs Great, Strong Engine",Ford,2012,,Petrol,Unknown,2500.0,USA,craigslist_losangeles
GMC Envoy Utility SUV 2003,GMC,2003,,Petrol,Unknown,2500.0,USA,craigslist_losangeles
"2008 CHEVY COBALT LS, ONLY 79K MILES, CLEAN TITLE AND CARFAX IN HAND",Chevy,2008,,Petrol,Unknown,4300.0,USA,craigslist_losangeles
2018 Chevrolet VOLT,Chevrolet,2018,,Petrol,Unknown,10500.0,USA,craigslist_losangeles
2007 ram 1500 quad cab. Sale or trade,Ram,2007,,Petrol,Unknown,4000.0,USA,craigslist_losangeles
"2009 toyota camry se hybrid 153k mile runs great, title, battery good",Toyota,2009,,Petrol,Unknown,5900.0,USA,craigslist_losangeles
1999 VW JETTA 69K,VW,1999,,Petrol,Unknown,3500.0,USA,craigslist_losangeles
2016 Tesla S Free Super Charging (Lifetime) Enhanced Auto Pilot,Tesla,2016,,Petrol,Unknown,19995.0,USA,craigslist_losangeles
2013 Toyota Sienna limited AWD,Toyota,2013,,Petrol,Unknown,12999.0,USA,craigslist_losangeles
2015 Mercedes Benz E350,Mercedes,2015,,Petrol,Unknown,10499.0,USA,craigslist_losangeles
2020 Ford Fusion Hybrid SE,Ford,2020,,Petrol,Unknown,10499.0,USA,craigslist_losangeles
2014 Mercedes Benz E350 coupe,Mercedes,2014,,Petrol,Unknown,9399.0,USA,craigslist_losangeles
***2005 HONDA ODYSSEY TOURING EDITION***,Honda,2005,,Petrol,Unknown,4500.0,USA,craigslist_losangeles
2019 Jeep Wrangler Unlimited Sahara,Jeep,2019,,Petrol,Unknown,29750.0,USA,craigslist_losangeles
2009 GECKO GREEN BEETLE ***,2009,2009,,Petrol,Unknown,4750.0,USA,craigslist_losangeles
2022 FORD ESCAPE SE - PRIVATE PARTY SALE - CLEAN TITLE IN HAND,Ford,2022,,Petrol,Unknown,18000.0,USA,craigslist_losangeles
2017 Mercedes Benz C300 - CLEAN TITLE IN HAND - PRIVATE PARTY,Mercedes,2017,,Petrol,Unknown,17500.0,USA,craigslist_losangeles
2016 Mercedes Benz GLE 350 CLEAN TITLE IN HAND PRIVATE PARTY,Mercedes,2016,,Petrol,Unknown,17000.0,USA,craigslist_losangeles
2018 Masersti Ghibli - CLEAN TITLE - PRIVATE PARTY SALE,2018,2018,,Petrol,Unknown,22500.0,USA,craigslist_losangeles
2015 HONDA CROSSTOUR EX-L - CLEAN TITLE IN HAND - PRIVATE PARTY,Honda,2015,,Petrol,Unknown,16000.0,USA,craigslist_losangeles
2015 FORD FOCUS SE WITH WARRANTY - 43K ORIGINAL MILES  - CLEAN TITLE I,Ford,2015,,Petrol,Unknown,8500.0,USA,craigslist_losangeles
2023 GMC SIERRA DENALI 3500 DUALLY - CLEAN TITLE IN HAND - PRIVATE PAR,GMC,2023,,Petrol,Unknown,82500.0,USA,craigslist_losangeles
2023 NISSAN ALTIMA SR - CLEAN TITLE - PRIVATE PARTY SALE,Nissan,2023,,Petrol,Unknown,18000.0,USA,craigslist_losangeles
"2021 VOLKSWAGEN JETTA SE R-LINE , PRIVATE PARTY , CLEAN TITLE IN HAND",Volkswagen,2021,,Petrol,Unknown,16500.0,USA,craigslist_losangeles
2018 Chevrolet Trax LT - PRIVATE PARTY SALE - CLEAN TITLE IN HAND,Chevrolet,2018,,Petrol,Unknown,9750.0,USA,craigslist_losangeles
2018 TOYOTA CAMRY LE,Toyota,2018,,Petrol,Unknown,12995.0,USA,craigslist_losangeles
2020 Jaguar F-Pace Checkered Flag Edition!!! CLEAN TITLE - PRIVATE PAR,2020,2020,,Petrol,Unknown,18500.0,USA,craigslist_losangeles
2023 FORD MUSTANG CONVERTIBLE - PRIVATE PARTY - CLEAN TITLE IN HAND,Ford,2023,,Petrol,Unknown,22000.0,USA,craigslist_losangeles
2015 FORD FUSION SE HYBRID - PRIVATE PARTY - CLEAN CARFAX,Ford,2015,,Petrol,Unknown,11500.0,USA,craigslist_losangeles
2015 Hyundai Tucson SUV,Hyundai,2015,,Petrol,Unknown,2500.0,USA,craigslist_losangeles
2009 BMW 329i $4000 NEGOCIABLE,BMW,2009,,Petrol,Unknown,4000.0,USA,craigslist_losangeles
2022 VOLKSWAGEN TAOS SE - PRIVATE PARTY - CLEAN TITLE IN HAND,Volkswagen,2022,,Petrol,Unknown,16000.0,USA,craigslist_losangeles
2021 NISSAN ALTIMA SV - clean title - private party sale,Nissan,2021,,Petrol,Unknown,15500.0,USA,craigslist_losangeles
2025 NISSAN ALTIMA SR - Private party - clean title in hand,Nissan,2025,,Petrol,Unknown,22500.0,USA,craigslist_losangeles
2011 Subaru forester 2.5X Sport Utility 4D,Subaru,2011,,Petrol,Unknown,5900.0,USA,craigslist_losangeles
2016 Mazda mx-5 miata Grand Touring Convertible 2D,Mazda,2016,,Petrol,Unknown,14999.0,USA,craigslist_losangeles
2012 Volkswagen beetle manual 2.5l hatchback 2d,Volkswagen,2012,,Petrol,Unknown,9500.0,USA,craigslist_losangeles
2010 Volkswagen golf hatchback 2.5l 2dr,Volkswagen,2010,,Petrol,Unknown,6499.0,USA,craigslist_losangeles
2007 Jeep Wrangler Unlimited Sahara Sport Utility 4D,Jeep,2007,,Petrol,Unknown,10000.0,USA,craigslist_losangeles
2012 Ford v6 premium coupe 2d,Ford,2012,,Petrol,Unknown,9999.0,USA,craigslist_losangeles
1999 Chevrolet S10 Pickup,Chevrolet,1999,,Petrol,Unknown,5700.0,USA,craigslist_losangeles
2017 BMW X4 M40i,BMW,2017,,Petrol,Unknown,20500.0,USA,craigslist_losangeles
2010 Toyota Camry V6 3.5L XLE,Toyota,2010,,Petrol,Unknown,6500.0,USA,craigslist_losangeles
"2011 Mazda MazdaSpeed 3 Low Miles, Drives Great Mazdaspeed3",Mazda,2011,,Petrol,Unknown,6800.0,USA,craigslist_losangeles
2014 Toyota Tacoma,Toyota,2014,,Petrol,Unknown,13000.0,USA,craigslist_losangeles
2006 nissa maxima,2006,2006,,Petrol,Unknown,2800.0,USA,craigslist_losangeles
2002 Mercedes Benz G500 Custom Brabus G Wagon,Mercedes,2002,,Petrol,Unknown,39500.0,USA,craigslist_losangeles
2020 Ford Ecosport,Ford,2020,,Petrol,Unknown,8155.0,USA,craigslist_losangeles
Toyota Corolla 2010,Toyota,2010,,Petrol,Unknown,7500.0,USA,craigslist_losangeles
"2008 FORD F-150 XL, 1-OWNER, ONLY 65K MILES, CLEAN TITLE AND CARFAX",Ford,2008,,Petrol,Unknown,8900.0,USA,craigslist_losangeles
1999 Porsche 986 Boxster,Porsche,1999,,Petrol,Unknown,7500.0,USA,craigslist_losangeles
2013 BMW 528i TURBO EXLT!,BMW,2013,,Petrol,Unknown,6800.0,USA,craigslist_losangeles
BMW 2003 FOR SALE LIGHT BLUE COBALT GREY,BMW,2003,,Petrol,Unknown,2500.0,USA,craigslist_losangeles
RARE 2007 F-250 Lariat Outlaw Package – Last Year of Production! 4x4,RARE,2007,,Petrol,Unknown,21500.0,USA,craigslist_losangeles
2004 Toyota Sienna LE,Toyota,2004,,Petrol,Unknown,5800.0,USA,craigslist_losangeles
2005 Toyota 4Runner Limited 4x4,Toyota,2005,,Petrol,Unknown,6800.0,USA,craigslist_losangeles
2008 Lexus GS 350 AWD,Lexus,2008,,Petrol,Unknown,5500.0,USA,craigslist_losangeles
4 Sale 2013 Honda CR-V EX Model SUV Gas Saver One Owner,Honda,2013,,Petrol,Unknown,6900.0,USA,craigslist_losangeles
2011 mini cooper,Mini,2011,,Petrol,Unknown,5000.0,USA,craigslist_losangeles
2012 Dodge charger,Dodge,2012,,Petrol,Unknown,2000.0,USA,craigslist_losangeles
2010 Chevy hhr(Road ready),Chevy,2010,,Petrol,Unknown,1000.0,USA,craigslist_losangeles
"2011 KIA SOUL SPORT, Runs excellent",Kia,2011,,Petrol,Unknown,4300.0,USA,craigslist_losangeles
2014 Honda Pilot LX Model SUV 4 Sale,Honda,2014,,Petrol,Unknown,6900.0,USA,craigslist_losangeles
2009 Volkswagen Passat,Volkswagen,2009,,Petrol,Unknown,2500.0,USA,craigslist_losangeles
2018 Honda Accord Sport,Honda,2018,,Petrol,Unknown,11000.0,USA,craigslist_losangeles
2017 Toyota Camry SE Model Sedan Gas Saver For Sale,Toyota,2017,,Petrol,Unknown,11900.0,USA,craigslist_losangeles
((( 2009 Toyota Prius ))),Toyota,2009,,Petrol,Unknown,3400.0,USA,craigslist_losangeles
2008 jeep wrangler,Jeep,2008,,Petrol,Unknown,7900.0,USA,craigslist_losangeles
2011 Toyota Tundra,Toyota,2011,,Petrol,Unknown,7900.0,USA,craigslist_losangeles
2006 Honda accord,Honda,2006,,Petrol,Unknown,7400.0,USA,craigslist_losangeles
2013 lexus tc200h  base hatchback,Lexus,2013,,Petrol,Unknown,6000.0,USA,craigslist_losangeles
2011 Honda Fit Sport !,Honda,2011,,Petrol,Unknown,2850.0,USA,craigslist_losangeles
"2022 Subaru Legacy Premium AWD – Only 19,072 Miles – One Owner",Subaru,2022,,Petrol,Unknown,22900.0,USA,craigslist_losangeles
2003 ford f250 super duty,Ford,2003,,Petrol,Unknown,4500.0,USA,craigslist_losangeles
2015 Lexus RX350 AWD,Lexus,2015,,Petrol,Unknown,16500.0,USA,craigslist_losangeles
2011 Chevrolet Equinox LT suv 87k mile pink slip runs wonderful,Chevrolet,2011,,Petrol,Unknown,5500.0,USA,craigslist_losangeles
"2013 lexus gs 350, smog check",Lexus,2013,,Petrol,Unknown,7500.0,USA,craigslist_losangeles
"2019 Honda civic ex, 93k miles, 2 owners, smog  check",Honda,2019,,Petrol,Unknown,8500.0,USA,craigslist_losangeles
"2018 nissan maxima, 96k miles, 2 owners, 2 keys",Nissan,2018,,Petrol,Unknown,7500.0,USA,craigslist_losangeles
2025 HONDA PILOT EX-L,Honda,2025,,Petrol,Unknown,42900.0,USA,craigslist_losangeles
Excellent 2023 Ford Ranger XLT,Ford,2023,,Petrol,Unknown,16500.0,USA,craigslist_losangeles
2013 Ford E-350 box van Box van 18/20 foot box flex fuel,Ford,2013,,Petrol,Unknown,5150.0,USA,craigslist_losangeles
2007 Toyota Tacoma PreRunner V6 SR5 extra cab,Toyota,2007,,Petrol,Unknown,7150.0,USA,craigslist_losangeles
2015 FORD F 550 MECHANICS SERVICE TRUCK 6.7 POWER STROKE DIESEL,Ford,2015,,Petrol,Unknown,36500.0,USA,craigslist_losangeles
Original owners 2005 Ford F 150 less the 140k miles,Ford,2005,,Petrol,Unknown,2900.0,USA,craigslist_losangeles
"2009 Cadillac Escalade Hybrid 142,000 Miles Super Clean",Cadillac,2009,,Petrol,Unknown,8000.0,USA,craigslist_losangeles
2008 Mazda Tribute 4 Cylinder drives perfect,Mazda,2008,,Petrol,Unknown,3000.0,USA,craigslist_losangeles
** 2019 Dodge Voyager Low miles Like new 7 seats Strong 4 cyl. 25 MPG,Dodge,2019,,Petrol,Unknown,8850.0,USA,craigslist_losangeles
"2001 Toyota 4Runner SR5 4WD, Center Diff Lock, 1-Family Owned",Toyota,2001,,Petrol,Unknown,12900.0,USA,craigslist_losangeles
2006 Acura RL SH-AWD. Technology package. White Pearl,Acura,2006,,Petrol,Unknown,5500.0,USA,craigslist_losangeles
2014 Volkswagen Passat,Volkswagen,2014,,Petrol,Unknown,4000.0,USA,craigslist_losangeles
2007 Chevrolet Silverado 2500 HD Dump Truck. Original miles 50k!,Chevrolet,2007,,Petrol,Unknown,27500.0,USA,craigslist_losangeles
2005 Dodge Magnum SE – 2.7L V6 – Mechanic Special / Project / Parts Ca,Dodge,2005,,Petrol,Unknown,1200.0,USA,craigslist_losangeles
2004 Toyota Corolla,Toyota,2004,,Petrol,Unknown,2800.0,USA,craigslist_losangeles
2011 Honda Element EX 4WD AUTOMATIC VERY LOW MILES EXCEPTIONAL,Honda,2011,,Petrol,Unknown,19000.0,USA,craigslist_losangeles
2017 BMW 7 SERIES-BLACK ON BLACK,BMW,2017,,Petrol,Unknown,17000.0,USA,craigslist_losangeles
2013 Chevrolet Suburban LT – Runs on Gas and Cheap E-85 Flex Fuel! - $,Chevrolet,2013,,Petrol,Unknown,6500.0,USA,craigslist_losangeles
"2021 Honda Accord Sport Silver, 1 Owner, CA CLEAN TITLE IN HAND",Honda,2021,,Petrol,Unknown,16900.0,USA,craigslist_losangeles
2008 Mercedes Benz C350,Mercedes,2008,,Petrol,Unknown,4700.0,USA,craigslist_losangeles
2007 Chrysler 300,Chrysler,2007,,Petrol,Unknown,5295.0,USA,craigslist_losangeles
"2012 Buick LaCrosse Premium – Low Miles, E85, Huge Gas Savings",Buick,2012,,Petrol,Unknown,6000.0,USA,craigslist_losangeles
2013 Kia Soul,Kia,2013,,Petrol,Unknown,4000.0,USA,craigslist_losangeles
"🚗 For Sale: 2016 Honda Civic EX-L – Excellent Condition, Fully Mainta",Honda,2016,,Petrol,Unknown,13500.0,USA,craigslist_losangeles
2013 Kia Optima  Hybrid One Owner,Kia,2013,,Petrol,Unknown,4999.0,USA,craigslist_losangeles
2010 Subaru Legacy,Subaru,2010,,Petrol,Unknown,4100.0,USA,craigslist_losangeles
2015 Toyota Highlander LE Plus – Clean Title – 3rd Row – Runs Great,Toyota,2015,,Petrol,Unknown,12500.0,USA,craigslist_losangeles
2012 Nissan Rogue,Nissan,2012,,Petrol,Unknown,2800.0,USA,craigslist_losangeles
2012 Honda Odyssey,Honda,2012,,Petrol,Unknown,2500.0,USA,craigslist_losangeles
Ford 2014 f450 commercial truck,Ford,2014,,Petrol,Unknown,34000.0,USA,craigslist_losangeles
2013 ACURA TSX 4 CYLINDER GAS SAVER,Acura,2013,,Petrol,Unknown,6999.0,USA,craigslist_losangeles
2008 BMW x5,BMW,2008,,Petrol,Unknown,4495.0,USA,craigslist_losangeles
2005 Scion tC - Stick Shift,2005,2005,,Petrol,Unknown,2999.0,USA,craigslist_losangeles
2007 TOYOTA SEQUOIA,Toyota,2007,,Petrol,Unknown,5500.0,USA,craigslist_losangeles
2017 Mazda 3 Hatchback,Mazda,2017,,Petrol,Unknown,8000.0,USA,craigslist_losangeles
2006 Mercedes Benz ML350 ML 350,Mercedes,2006,,Petrol,Unknown,2950.0,USA,craigslist_losangeles
2003 Ford Excursion,Ford,2003,,Petrol,Unknown,7500.0,USA,craigslist_losangeles
2017 Honda Accord Sport Special Edition,Honda,2017,,Petrol,Unknown,11500.0,USA,craigslist_losangeles
2007 Chrysler PT Cruiser clean title 4 cyl smog ready very low miles,Chrysler,2007,,Petrol,Unknown,2700.0,USA,craigslist_losangeles
2019 Toyota Prius,Toyota,2019,,Petrol,Unknown,13700.0,USA,craigslist_losangeles
2006 Toyota Corolla Matrix,Toyota,2006,,Petrol,Unknown,5000.0,USA,craigslist_losangeles
Super Clean 2006 Nissan 350Z Touring Navigation FAST! Bone stock,Nissan,2006,,Petrol,Unknown,9995.0,USA,craigslist_losangeles
2016 Toyota Prius three touring,Toyota,2016,,Petrol,Unknown,9400.0,USA,craigslist_losangeles
2017 Acura TLX,Acura,2017,,Petrol,Unknown,9000.0,USA,craigslist_losangeles
2017 subaru legacy 3.6r limited,Subaru,2017,,Petrol,Unknown,7500.0,USA,craigslist_losangeles
2015 dodge ram 1500 SLT,Dodge,2015,,Petrol,Unknown,11500.0,USA,craigslist_losangeles
2017 Kia optima lx,Kia,2017,,Petrol,Unknown,6500.0,USA,craigslist_losangeles
2017 bmw x6 xdrive35,BMW,2017,,Petrol,Unknown,14500.0,USA,craigslist_losangeles
2017 Honda civic ex,Honda,2017,,Petrol,Unknown,10500.0,USA,craigslist_losangeles
2015 ford explorer limited,Ford,2015,,Petrol,Unknown,6900.0,USA,craigslist_losangeles
2007 Cadillac Escalade,Cadillac,2007,,Petrol,Unknown,7000.0,USA,craigslist_losangeles
2017 Honda civic lx,Honda,2017,,Petrol,Unknown,10000.0,USA,craigslist_losangeles
2000 Toyota Truck Tacoma Extra/Cap SR5 4Cyl 2nd Owner Since 2001Exce,Toyota,2000,,Petrol,Unknown,5900.0,USA,craigslist_losangeles
2023 Subaru Ascent Touring with 40K miles top of the line,Subaru,2023,,Petrol,Unknown,23900.0,USA,craigslist_losangeles
2006 Toyota Camry - Excellent Service Records,Toyota,2006,,Petrol,Unknown,6900.0,USA,craigslist_losangeles
2023 Accord hybrid,2023,2023,,Petrol,Unknown,28800.0,USA,craigslist_losangeles
2015 Sonata-Hybrid,2015,2015,,Petrol,Unknown,4700.0,USA,craigslist_losangeles
2012 Mustang,2012,2012,,Petrol,Unknown,5800.0,USA,craigslist_losangeles
2004 F150 4dr SuperCrew 4WD FX4 Lariat 5.4V8 1Fam Own Everything Works,2004,2004,,Petrol,Unknown,9900.0,USA,craigslist_losangeles
2005 Toyota Sequoia SR5 2WD,Toyota,2005,,Petrol,Unknown,3650.0,USA,craigslist_losangeles
2013 Honda Accord Sport Original White 2nd Owner Excellent Condition,Honda,2013,,Petrol,Unknown,8700.0,USA,craigslist_losangeles
Black 2016 Kia soul clean title low miles automatic,Kia,2016,,Petrol,Unknown,7850.0,USA,craigslist_losangeles
2003 Toyota Tacoma 4WD Extra Cab 4 Cylinder 5 Speed Stick Shift,Toyota,2003,,Petrol,Unknown,15995.0,USA,craigslist_losangeles
1995 Mercedes-Benz s600,1995,1995,,Petrol,Unknown,42000.0,USA,craigslist_losangeles
2004 Covert Toyota Corolla LE,Toyota,2004,,Petrol,Unknown,7777.0,USA,craigslist_losangeles
"2001 Jaguar S-type 3.0, only 122,100 miles, nice car",2001,2001,,Petrol,Unknown,3900.0,USA,craigslist_losangeles
2009 Jeep Wrangler Rubicon,Jeep,2009,,Petrol,Unknown,21000.0,USA,craigslist_losangeles
2018 Hyundai Kona Turbo 7 Speed Low Mileage One Owner,Hyundai,2018,,Petrol,Unknown,9399.0,USA,craigslist_losangeles
2006 Acura TSX - 1 Owner/Low Miles,Acura,2006,,Petrol,Unknown,8500.0,USA,craigslist_losangeles
2005 BMW 645 Convertible,BMW,2005,,Petrol,Unknown,3999.0,USA,craigslist_losangeles
2016 Nissan Altima,Nissan,2016,,Petrol,Unknown,5550.0,USA,craigslist_losangeles
Toyota camry LE 2012,Toyota,2012,,Petrol,Unknown,7500.0,USA,craigslist_losangeles
2004 Range Rover,2004,2004,,Petrol,Unknown,5000.0,USA,craigslist_losangeles
2025 Hyundai Sonata,Hyundai,2025,,Petrol,Unknown,20000.0,USA,craigslist_losangeles
2005 Chevrolet Astro van,Chevrolet,2005,,Petrol,Unknown,3000.0,USA,craigslist_losangeles
2022 Jeep Grand Cherokee,Jeep,2022,,Petrol,Unknown,16000.0,USA,craigslist_losangeles
2014 Toyota Tacoma,Toyota,2014,,Petrol,Unknown,17500.0,USA,craigslist_losangeles
2020 Kia Sorento  LX - 7 Passanger Seater - Family Car - Low Mileage - Clean Tit,Kia,2020,,Petrol,Unknown,11800.0,USA,craigslist_losangeles
"2012 Lexus CT 200h Hybrid - Clean, Reliable & Fuel Efficient!",Lexus,2012,,Petrol,Unknown,8400.0,USA,craigslist_losangeles
2019 Mercedes benz G63 AMG,Mercedes,2019,,Petrol,Unknown,120000.0,USA,craigslist_losangeles
2017 Kia Optima EX Hybrid with only 60300 miles,Kia,2017,,Petrol,Unknown,9950.0,USA,craigslist_losangeles
2013 ford focus,Ford,2013,,Petrol,Unknown,4500.0,USA,craigslist_losangeles
2014 Hyundai sonata,Hyundai,2014,,Petrol,Unknown,4600.0,USA,craigslist_losangeles
2018 Audi Q7 3.0T Premium Plus 🖤🚀🔊,Audi,2018,,Petrol,Unknown,12495.0,USA,craigslist_losangeles
2006 Ford Fusion,Ford,2006,,Petrol,Unknown,2100.0,USA,craigslist_losangeles
2013 Jeep Grand Cherokee Black Overlander Beautiful 67k MilesMust See!,Jeep,2013,,Petrol,Unknown,15900.0,USA,craigslist_losangeles
2006 Toyota 4runner Limited 4wd 4x4 1 owner,Toyota,2006,,Petrol,Unknown,16800.0,USA,craigslist_losangeles
2003 Mercedes Benz E320 - Clean Tile,Mercedes,2003,,Petrol,Unknown,8500.0,USA,craigslist_losangeles
2022 SUBARU FORESTER WILDERNESS,Subaru,2022,,Petrol,Unknown,22500.0,USA,craigslist_losangeles
2020 Hyundai Elantra SEL  + No Accident + One Owner + Like New,Hyundai,2020,,Petrol,Unknown,9800.0,USA,craigslist_losangeles
2019 HONDA ACCORD - ONE OWNER | CLEAN TITLE | LIKE NEW,Honda,2019,,Petrol,Unknown,14900.0,USA,craigslist_losangeles
2011 Ford Escape Limited - * Navigation * Smogged -* Flex fuel E85,Ford,2011,,Petrol,Unknown,4999.0,USA,craigslist_losangeles
2022 Dodge Challenger R/T Special,Dodge,2022,,Petrol,Unknown,22999.0,USA,craigslist_losangeles
2014 Toyota Tacoma,Toyota,2014,,Petrol,Unknown,12000.0,USA,craigslist_losangeles
2011 FORD F-350 SUPER DUTY,Ford,2011,,Petrol,Unknown,8950.0,USA,craigslist_losangeles
2010 Ford E-250 Cargo Van Clean Title 55k Miles,Ford,2010,,Petrol,Unknown,8500.0,USA,craigslist_losangeles
2015 Toyota Sienna SE 1 owner,Toyota,2015,,Petrol,Unknown,16800.0,USA,craigslist_losangeles
"2018 GMC Acadia SLE  My Family Car , Clean Title , 7 Seater",GMC,2018,,Petrol,Unknown,10800.0,USA,craigslist_losangeles
2007 Ford F-350 XL Flatbed Stake Bed  5.4L V8 Dual Rear Wheels,Ford,2007,,Petrol,Unknown,7000.0,USA,craigslist_losangeles
2007 Jeep Commander,Jeep,2007,,Petrol,Unknown,4950.0,USA,craigslist_losangeles
2018 Nissan Versa Note SV Hatchback- Super Clean  - No Accident - One Owner,Nissan,2018,,Petrol,Unknown,7900.0,USA,craigslist_losangeles
2016 Mercedes Benz CLS 400,Mercedes,2016,,Petrol,Unknown,17990.0,USA,craigslist_losangeles
2000 F150,2000,2000,,Petrol,Unknown,3500.0,USA,craigslist_losangeles
2005 F150,2005,2005,,Petrol,Unknown,5000.0,USA,craigslist_losangeles
2014 Range Rover Sport HSE,2014,2014,,Petrol,Unknown,12500.0,USA,craigslist_losangeles
Corvette 2007,Corvette,2007,,Petrol,Unknown,11500.0,USA,craigslist_losangeles
1991 Oldsmobile Cutlass Supreme Convertible Very Rare,1991,1991,,Petrol,Unknown,8999.0,USA,craigslist_losangeles
2020 Chevrolet Equinox LT - * No Accident * Like New*  One Owner *  Low Mileage,Chevrolet,2020,,Petrol,Unknown,10800.0,USA,craigslist_losangeles
"2008 Nissan Titan SE 5.6 v8, Crew Cab, ONLY 133k miles, clean title",Nissan,2008,,Petrol,Unknown,7995.0,USA,craigslist_losangeles
2018 Buick encore clean title 4 cylinder smog ready,Buick,2018,,Petrol,Unknown,5900.0,USA,craigslist_losangeles
2007 Dodge RAM 3500 SLT 4X4  6.7 Cummins *Clean Title*,Dodge,2007,,Petrol,Unknown,25900.0,USA,craigslist_losangeles
2014 BMW 550i M,BMW,2014,,Petrol,Unknown,6900.0,USA,craigslist_losangeles
2018 Nissan Sentra SV Low Mileage ^  Clean Title ^ Super Clean ^ No Accident,Nissan,2018,,Petrol,Unknown,7800.0,USA,craigslist_losangeles
2000 Chevrolet Tahoe LS SUV,Chevrolet,2000,,Petrol,Unknown,5000.0,USA,craigslist_losangeles
2006 Jeep Cherokee,Jeep,2006,,Petrol,Unknown,4600.0,USA,craigslist_losangeles
2004 Volvo s60,Volvo,2004,,Petrol,Unknown,3500.0,USA,craigslist_losangeles
2018 Ford Focus SE,Ford,2018,,Petrol,Unknown,9500.0,USA,craigslist_losangeles
1992 Mercedes 300se w140 body,Mercedes,1992,,Petrol,Unknown,4800.0,USA,craigslist_losangeles
1991 Toyota dolfin,Toyota,1991,,Petrol,Unknown,4900.0,USA,craigslist_losangeles
1998 Mercedes S420 (140 body),Mercedes,1998,,Petrol,Unknown,3500.0,USA,craigslist_losangeles
"2019 HONDA ODYSSEY  TOURING , 63,700 millas ,",Honda,2019,,Petrol,Unknown,15900.0,USA,craigslist_losangeles
1999 Dodge ram B 3500,Dodge,1999,,Petrol,Unknown,14800.0,USA,craigslist_losangeles
"2015 HONDA ACCORD SPORT , PRIVATE OWNER ,",Honda,2015,,Petrol,Unknown,12900.0,USA,craigslist_losangeles
2020 Cheyvy Blazer RS,2020,2020,,Petrol,Unknown,12950.0,USA,craigslist_losangeles
2016 Chrysler 200  Limited Sedan 4D,Chrysler,2016,,Petrol,Unknown,4995.0,USA,craigslist_losangeles
2017 toyota corolla,Toyota,2017,,Petrol,Unknown,7900.0,USA,craigslist_losangeles
2006 GMC Canyon SLE 107k original miles,GMC,2006,,Petrol,Unknown,5500.0,USA,craigslist_losangeles
2002 Honda Accord,Honda,2002,,Petrol,Unknown,1000.0,USA,craigslist_losangeles
2020 Hyundai Ioniq,Hyundai,2020,,Petrol,Unknown,6500.0,USA,craigslist_losangeles
2013 Mercedes Benz C250 SPORT,Mercedes,2013,,Petrol,Unknown,7950.0,USA,craigslist_losangeles
"2006 Toyota Tundra RS5 / 57,000 / One owner",Toyota,2006,,Petrol,Unknown,16200.0,USA,craigslist_losangeles
2007 Mercedes Benz E-350,Mercedes,2007,,Petrol,Unknown,3200.0,USA,craigslist_losangeles
2011 Porsche Cayenne,Porsche,2011,,Petrol,Unknown,9700.0,USA,craigslist_losangeles
2007 Chevrolet HHR,Chevrolet,2007,,Petrol,Unknown,1700.0,USA,craigslist_losangeles
2005 Toyota Camry Xle,Toyota,2005,,Petrol,Unknown,6800.0,USA,craigslist_losangeles
"2019 Chevy Silverado Chevrolet 1500 LT 4x4 4.3L V6, Crew Cab",Chevy,2019,,Petrol,Unknown,16800.0,USA,craigslist_losangeles
"2005 Hummer H2 SUT - Lifted, Custom Wheels, Fox Shocks",2005,2005,,Petrol,Unknown,29500.0,USA,craigslist_losangeles
"2011 Chevy Express 3500 14ft Box Truck w/Lift Gate for $13,500 OBO",Chevy,2011,,Petrol,Unknown,13500.0,USA,craigslist_losangeles
2020 INTERNATIONAL MV607 EXTENDED CAB,2020,2020,,Petrol,Unknown,38000.0,USA,craigslist_losangeles
"•••• 2002 Toyota Sienna Symphony 1st owner very comfort $5,500",Toyota,2002,,Petrol,Unknown,5500.0,USA,craigslist_losangeles
Weekly deal - 2008 Toyota Solara SLE,Toyota,2008,,Petrol,Unknown,1999.0,USA,craigslist_losangeles
2015 Dodge Dart SE,Dodge,2015,,Petrol,Unknown,4200.0,USA,craigslist_losangeles
"2006 Toyota Camry (Gas-saver, Clean title, Low miles)",Toyota,2006,,Petrol,Unknown,6900.0,USA,craigslist_losangeles
2017 Honda Pilot EXL AWD w/DVD Entertainment w/Blind Assist Camera,Honda,2017,,Petrol,Unknown,14800.0,USA,craigslist_losangeles
1993 Ford Mustang Foxbody LX,Ford,1993,,Petrol,Unknown,25000.0,USA,craigslist_losangeles
2016 Land Rover LR4 HSE V6 Supercharger,Land,2016,,Petrol,Unknown,23888.0,USA,craigslist_losangeles
2014 BMW 328i Clean Title Great Condition Turbo,BMW,2014,,Petrol,Unknown,6500.0,USA,craigslist_losangeles
2013 Kia Forte koupe EX,Kia,2013,,Petrol,Unknown,5499.0,USA,craigslist_losangeles
2018 V8 Jeep Grand Cherokee SRT8 Sport Utility 4D,Jeep,2018,,Petrol,Unknown,32000.0,USA,craigslist_losangeles
2012 Subaru Outback 3.6R Limited Wagon 4D,Subaru,2012,,Petrol,Unknown,2500.0,USA,craigslist_losangeles
2002 ford focus SVT,Ford,2002,,Petrol,Unknown,3300.0,USA,craigslist_losangeles
2012 Nissan Altima,Nissan,2012,,Petrol,Unknown,2595.0,USA,craigslist_losangeles
Mazda CX-30 2024 AWD,Mazda,2024,,Petrol,Unknown,15500.0,USA,craigslist_losangeles
2020 Hyundai Santa Fe Sel - AWD - hyundai - sante fe (like kia),Hyundai,2020,,Petrol,Unknown,15800.0,USA,craigslist_losangeles
2020 honda civic,Honda,2020,,Petrol,Unknown,18500.0,USA,craigslist_losangeles
2014 Kia Optima LX,Kia,2014,,Petrol,Unknown,4900.0,USA,craigslist_losangeles
"2018 Chevrolet Silverado 1500 , chevy, chevrolet",Chevrolet,2018,,Petrol,Unknown,13900.0,USA,craigslist_losangeles
2013 BMW 335i (6 Cylinder Turbo) Like 340i or 328i,BMW,2013,,Petrol,Unknown,11300.0,USA,craigslist_losangeles
"2020 FORD TRANSIT CONNET XLT , 1 OWNER",Ford,2020,,Petrol,Unknown,14900.0,USA,craigslist_losangeles
2017 Toyota Tacoma Double Cab SR5 Pickup 4D 5 ft,Toyota,2017,,Petrol,Unknown,16500.0,USA,craigslist_losangeles
2013 Honda Crosstour,Honda,2013,,Petrol,Unknown,7000.0,USA,craigslist_losangeles
2012 Jeep Wrangler Sport 4x4 2 door Low miles,Jeep,2012,,Petrol,Unknown,13500.0,USA,craigslist_losangeles
"2015 Toyota Prius Hybrid 11,100 OBO",Toyota,2015,,Petrol,Unknown,11100.0,USA,craigslist_losangeles
2020 Chevrolet Trax - 4 cylinder - clean title GAS SAVER (ford honda),Chevrolet,2020,,Petrol,Unknown,9000.0,USA,craigslist_losangeles
******2005 Toyota Camry LE 1st owner ready $5500 ****,Toyota,2005,,Petrol,Unknown,5500.0,USA,craigslist_losangeles
2020 Ford F-150 XLT (5.0L V8) CLEAN TITLE F150 FLEX FUEL,Ford,2020,,Petrol,Unknown,23900.0,USA,craigslist_losangeles
2024 honda accord,Honda,2024,,Petrol,Unknown,26900.0,USA,craigslist_losangeles
2016 Chevy Sonic,Chevy,2016,,Petrol,Unknown,2900.0,USA,craigslist_losangeles
Mercedes Benz s500 2008,Mercedes,2008,,Petrol,Unknown,6500.0,USA,craigslist_losangeles
2016 Chrysler Town & Country Touring - clean title (Pacifica),Chrysler,2016,,Petrol,Unknown,7900.0,USA,craigslist_losangeles
2015 Mazda CX9 133K miles,Mazda,2015,,Petrol,Unknown,7200.0,USA,craigslist_losangeles
2018 chevy colorado,Chevy,2018,,Petrol,Unknown,12800.0,USA,craigslist_losangeles
2018 Chevy Silverado Custom 6 cylinder FLEX FUEL Chevrolet,Chevy,2018,,Petrol,Unknown,17900.0,USA,craigslist_losangeles
2022 Bmw M340i - CLEAN TITLE - B58 340i 335i,BMW,2022,,Petrol,Unknown,27000.0,USA,craigslist_losangeles
BMW 2005 530xi,BMW,2005,,Petrol,Unknown,6500.0,USA,craigslist_losangeles
2015 Porsche Panamera S,Porsche,2015,,Petrol,Unknown,31500.0,USA,craigslist_losangeles
"2016 Acura MDX w Navigation w/Blind Assist, Clean Title, 78,499 Miles",Acura,2016,,Petrol,Unknown,14500.0,USA,craigslist_losangeles
2011 Mercedes E350 4D Sedan - Low Mileage -Excellent Conditions,Mercedes,2011,,Petrol,Unknown,8300.0,USA,craigslist_losangeles
2011 Honda CR-V EX AWD – Original Owner – 123k Miles,Honda,2011,,Petrol,Unknown,9800.0,USA,craigslist_losangeles
2008 Pontiac Solstice SCCA/SBB Convertible Sports Car,2008,2008,,Petrol,Unknown,12500.0,USA,craigslist_losangeles
2005 Lincoln navigator,Lincoln,2005,,Petrol,Unknown,1800.0,USA,craigslist_losangeles
1991 Toyota Pickup,Toyota,1991,,Petrol,Unknown,4000.0,USA,craigslist_losangeles
Toyota Rav4 2016,Toyota,2016,,Petrol,Unknown,15000.0,USA,craigslist_losangeles
2013 Bentley Continental GT Coupe Custom,Bentley,2013,,Petrol,Unknown,38500.0,USA,craigslist_losangeles
2008 Honda pilot,Honda,2008,,Petrol,Unknown,4200.0,USA,craigslist_losangeles
2003 Toyota Camry XLE 101k Miles,Toyota,2003,,Petrol,Unknown,5800.0,USA,craigslist_losangeles
"2017 ACURA MDX , 98,100 MILLAS , PRIVATE OWNER ,",Acura,2017,,Petrol,Unknown,14900.0,USA,craigslist_losangeles
>>>>€€€€  2017 Lexus Hybrid ES300h / Rns Like New !,Lexus,2017,,Petrol,Unknown,500.0,USA,craigslist_losangeles
2005 Jeep Liberty clean title smog ready,Jeep,2005,,Petrol,Unknown,2700.0,USA,craigslist_losangeles
Nissan Rogue 2011,Nissan,2011,,Petrol,Unknown,7500.0,USA,craigslist_losangeles
2003 Honda element ex awd,Honda,2003,,Petrol,Unknown,6200.0,USA,craigslist_losangeles
2015 Jeep Grand Cherokee Summit,Jeep,2015,,Petrol,Unknown,12500.0,USA,craigslist_losangeles
Toyota tacoma 2.7L double cab 2011,Toyota,2011,,Petrol,Unknown,10900.0,USA,craigslist_losangeles
2004 Honda Crv ex awd 1-owner,Honda,2004,,Petrol,Unknown,5300.0,USA,craigslist_losangeles
2003 Honda Odyssey EX-L,Honda,2003,,Petrol,Unknown,4700.0,USA,craigslist_losangeles
2007 Mercedes S550 luxury sedan,Mercedes,2007,,Petrol,Unknown,7500.0,USA,craigslist_losangeles
4 Sale 2014 Honda Accord LX Sedan 4 Cylinder Gas Saver,Honda,2014,,Petrol,Unknown,7900.0,USA,craigslist_losangeles
2011 Lexus LS 460 AWD,Lexus,2011,,Petrol,Unknown,11500.0,USA,craigslist_losangeles
2014 Toyota Corolla - Runs Well - Clean Title,Toyota,2014,,Petrol,Unknown,8990.0,USA,craigslist_losangeles
2018 KIA Optima SX Turbo - Clean Title,Kia,2018,,Petrol,Unknown,13888.0,USA,craigslist_losangeles
2010 Toyota Corolla s,Toyota,2010,,Petrol,Unknown,5800.0,USA,craigslist_losangeles
2009 Acura tsx w/ tech package,Acura,2009,,Petrol,Unknown,7200.0,USA,craigslist_losangeles
2009 Honda accord ex-l,Honda,2009,,Petrol,Unknown,5800.0,USA,craigslist_losangeles
2016 BMW 320i,BMW,2016,,Petrol,Unknown,3500.0,USA,craigslist_losangeles
2016 Ram 1500,Ram,2016,,Petrol,Unknown,6500.0,USA,craigslist_losangeles
2011  Toyota Tacoma V6 PreRunner,Toyota,2011,,Petrol,Unknown,10900.0,USA,craigslist_losangeles
2011 VW Tiguan,VW,2011,,Petrol,Unknown,4000.0,USA,craigslist_losangeles
2013 hyundai tucson,Hyundai,2013,,Petrol,Unknown,4900.0,USA,craigslist_losangeles
2015 dodge journey,Dodge,2015,,Petrol,Unknown,5900.0,USA,craigslist_losangeles
"2008 Honda Odyssey, EX,120k.miles, 8 passenger",Honda,2008,,Petrol,Unknown,6500.0,USA,craigslist_losangeles
2015 Honda accord EX-L,Honda,2015,,Petrol,Unknown,7800.0,USA,craigslist_losangeles
1992 Cadillac Deville,Cadillac,1992,,Petrol,Unknown,1000.0,USA,craigslist_losangeles
"2009 Hyundai Accent 120,000 miles 30 mpg runs excellent cold AC",Hyundai,2009,,Petrol,Unknown,3300.0,USA,craigslist_losangeles
2012 NISSAN MURANO SL EDITION FAMILY SUV- ROAD TRIP READY-GREAT ON GAS,Nissan,2012,,Petrol,Unknown,4800.0,USA,craigslist_losangeles
"2016 Mercedes Sprinter 2500 170"" Super High Roof Conversion",Mercedes,2016,,Petrol,Unknown,29500.0,USA,craigslist_losangeles
2018 SILVERADO,2018,2018,,Petrol,Unknown,10500.0,USA,craigslist_losangeles
2018 Tesla Model 3 - Performance - Long Range - Clean title,Tesla,2018,,Petrol,Unknown,21000.0,USA,craigslist_losangeles
2001 Honda Passport Lx Suv- Off Road Ready - Super Reliable-Cold Ac,Honda,2001,,Petrol,Unknown,4500.0,USA,craigslist_losangeles
2013 kia soul,Kia,2013,,Petrol,Unknown,3400.0,USA,craigslist_losangeles
2017 Nissan Altima SV,Nissan,2017,,Petrol,Unknown,6900.0,USA,craigslist_losangeles
2010 toyota corolla le 89xxx miles drives good,Toyota,2010,,Petrol,Unknown,3500.0,USA,craigslist_losangeles
"Ford Fusion 2012, Runs Great, Strong Engine",Ford,2012,,Petrol,Unknown,2500.0,USA,craigslist_losangeles
GMC Envoy Utility SUV 2003,GMC,2003,,Petrol,Unknown,2500.0,USA,craigslist_losangeles
"2008 CHEVY COBALT LS, ONLY 79K MILES, CLEAN TITLE AND CARFAX IN HAND",Chevy,2008,,Petrol,Unknown,4300.0,USA,craigslist_losangeles
2018 Chevrolet VOLT,Chevrolet,2018,,Petrol,Unknown,10500.0,USA,craigslist_losangeles
2007 ram 1500 quad cab. Sale or trade,Ram,2007,,Petrol,Unknown,4000.0,USA,craigslist_losangeles
"2009 toyota camry se hybrid 153k mile runs great, title, battery good",Toyota,2009,,Petrol,Unknown,5900.0,USA,craigslist_losangeles
1999 VW JETTA 69K,VW,1999,,Petrol,Unknown,3500.0,USA,craigslist_losangeles
2016 Tesla S Free Super Charging (Lifetime) Enhanced Auto Pilot,Tesla,2016,,Petrol,Unknown,19995.0,USA,craigslist_losangeles
2013 Toyota Sienna limited AWD,Toyota,2013,,Petrol,Unknown,12999.0,USA,craigslist_losangeles
2015 Mercedes Benz E350,Mercedes,2015,,Petrol,Unknown,10499.0,USA,craigslist_losangeles
2020 Ford Fusion Hybrid SE,Ford,2020,,Petrol,Unknown,10499.0,USA,craigslist_losangeles
2014 Mercedes Benz E350 coupe,Mercedes,2014,,Petrol,Unknown,9399.0,USA,craigslist_losangeles
***2005 HONDA ODYSSEY TOURING EDITION***,Honda,2005,,Petrol,Unknown,4500.0,USA,craigslist_losangeles
2019 Jeep Wrangler Unlimited Sahara,Jeep,2019,,Petrol,Unknown,29750.0,USA,craigslist_losangeles
2009 GECKO GREEN BEETLE ***,2009,2009,,Petrol,Unknown,4750.0,USA,craigslist_losangeles
2022 FORD ESCAPE SE - PRIVATE PARTY SALE - CLEAN TITLE IN HAND,Ford,2022,,Petrol,Unknown,18000.0,USA,craigslist_losangeles
2017 Mercedes Benz C300 - CLEAN TITLE IN HAND - PRIVATE PARTY,Mercedes,2017,,Petrol,Unknown,17500.0,USA,craigslist_losangeles
2016 Mercedes Benz GLE 350 CLEAN TITLE IN HAND PRIVATE PARTY,Mercedes,2016,,Petrol,Unknown,17000.0,USA,craigslist_losangeles
2018 Masersti Ghibli - CLEAN TITLE - PRIVATE PARTY SALE,2018,2018,,Petrol,Unknown,22500.0,USA,craigslist_losangeles
2015 HONDA CROSSTOUR EX-L - CLEAN TITLE IN HAND - PRIVATE PARTY,Honda,2015,,Petrol,Unknown,16000.0,USA,craigslist_losangeles
2015 FORD FOCUS SE WITH WARRANTY - 43K ORIGINAL MILES  - CLEAN TITLE I,Ford,2015,,Petrol,Unknown,8500.0,USA,craigslist_losangeles
2023 GMC SIERRA DENALI 3500 DUALLY - CLEAN TITLE IN HAND - PRIVATE PAR,GMC,2023,,Petrol,Unknown,82500.0,USA,craigslist_losangeles
2023 NISSAN ALTIMA SR - CLEAN TITLE - PRIVATE PARTY SALE,Nissan,2023,,Petrol,Unknown,18000.0,USA,craigslist_losangeles
"2021 VOLKSWAGEN JETTA SE R-LINE , PRIVATE PARTY , CLEAN TITLE IN HAND",Volkswagen,2021,,Petrol,Unknown,16500.0,USA,craigslist_losangeles
2018 Chevrolet Trax LT - PRIVATE PARTY SALE - CLEAN TITLE IN HAND,Chevrolet,2018,,Petrol,Unknown,9750.0,USA,craigslist_losangeles
2018 TOYOTA CAMRY LE,Toyota,2018,,Petrol,Unknown,12995.0,USA,craigslist_losangeles
2020 Jaguar F-Pace Checkered Flag Edition!!! CLEAN TITLE - PRIVATE PAR,2020,2020,,Petrol,Unknown,18500.0,USA,craigslist_losangeles
2023 FORD MUSTANG CONVERTIBLE - PRIVATE PARTY - CLEAN TITLE IN HAND,Ford,2023,,Petrol,Unknown,22000.0,USA,craigslist_losangeles
2015 FORD FUSION SE HYBRID - PRIVATE PARTY - CLEAN CARFAX,Ford,2015,,Petrol,Unknown,11500.0,USA,craigslist_losangeles
2015 Hyundai Tucson SUV,Hyundai,2015,,Petrol,Unknown,2500.0,USA,craigslist_losangeles
2009 BMW 329i $4000 NEGOCIABLE,BMW,2009,,Petrol,Unknown,4000.0,USA,craigslist_losangeles
2022 VOLKSWAGEN TAOS SE - PRIVATE PARTY - CLEAN TITLE IN HAND,Volkswagen,2022,,Petrol,Unknown,16000.0,USA,craigslist_losangeles
2021 NISSAN ALTIMA SV - clean title - private party sale,Nissan,2021,,Petrol,Unknown,15500.0,USA,craigslist_losangeles
2025 NISSAN ALTIMA SR - Private party - clean title in hand,Nissan,2025,,Petrol,Unknown,22500.0,USA,craigslist_losangeles
2011 Subaru forester 2.5X Sport Utility 4D,Subaru,2011,,Petrol,Unknown,5900.0,USA,craigslist_losangeles
2016 Mazda mx-5 miata Grand Touring Convertible 2D,Mazda,2016,,Petrol,Unknown,14999.0,USA,craigslist_losangeles
2012 Volkswagen beetle manual 2.5l hatchback 2d,Volkswagen,2012,,Petrol,Unknown,9500.0,USA,craigslist_losangeles
2010 Volkswagen golf hatchback 2.5l 2dr,Volkswagen,2010,,Petrol,Unknown,6499.0,USA,craigslist_losangeles
2007 Jeep Wrangler Unlimited Sahara Sport Utility 4D,Jeep,2007,,Petrol,Unknown,10000.0,USA,craigslist_losangeles
2012 Ford v6 premium coupe 2d,Ford,2012,,Petrol,Unknown,9999.0,USA,craigslist_losangeles
1999 Chevrolet S10 Pickup,Chevrolet,1999,,Petrol,Unknown,5700.0,USA,craigslist_losangeles
2017 BMW X4 M40i,BMW,2017,,Petrol,Unknown,20500.0,USA,craigslist_losangeles
2010 Toyota Camry V6 3.5L XLE,Toyota,2010,,Petrol,Unknown,6500.0,USA,craigslist_losangeles
"2011 Mazda MazdaSpeed 3 Low Miles, Drives Great Mazdaspeed3",Mazda,2011,,Petrol,Unknown,6800.0,USA,craigslist_losangeles
2014 Toyota Tacoma,Toyota,2014,,Petrol,Unknown,13000.0,USA,craigslist_losangeles
2006 nissa maxima,2006,2006,,Petrol,Unknown,2800.0,USA,craigslist_losangeles
2002 Mercedes Benz G500 Custom Brabus G Wagon,Mercedes,2002,,Petrol,Unknown,39500.0,USA,craigslist_losangeles
2020 Ford Ecosport,Ford,2020,,Petrol,Unknown,8155.0,USA,craigslist_losangeles
Toyota Corolla 2010,Toyota,2010,,Petrol,Unknown,7500.0,USA,craigslist_losangeles
"2008 FORD F-150 XL, 1-OWNER, ONLY 65K MILES, CLEAN TITLE AND CARFAX",Ford,2008,,Petrol,Unknown,8900.0,USA,craigslist_losangeles
1999 Porsche 986 Boxster,Porsche,1999,,Petrol,Unknown,7500.0,USA,craigslist_losangeles
2013 BMW 528i TURBO EXLT!,BMW,2013,,Petrol,Unknown,6800.0,USA,craigslist_losangeles
BMW 2003 FOR SALE LIGHT BLUE COBALT GREY,BMW,2003,,Petrol,Unknown,2500.0,USA,craigslist_losangeles
RARE 2007 F-250 Lariat Outlaw Package – Last Year of Production! 4x4,RARE,2007,,Petrol,Unknown,21500.0,USA,craigslist_losangeles
2004 Toyota Sienna LE,Toyota,2004,,Petrol,Unknown,5800.0,USA,craigslist_losangeles
2005 Toyota 4Runner Limited 4x4,Toyota,2005,,Petrol,Unknown,6800.0,USA,craigslist_losangeles
2008 Lexus GS 350 AWD,Lexus,2008,,Petrol,Unknown,5500.0,USA,craigslist_losangeles
4 Sale 2013 Honda CR-V EX Model SUV Gas Saver One Owner,Honda,2013,,Petrol,Unknown,6900.0,USA,craigslist_losangeles
2011 mini cooper,Mini,2011,,Petrol,Unknown,5000.0,USA,craigslist_losangeles
2012 Dodge charger,Dodge,2012,,Petrol,Unknown,2000.0,USA,craigslist_losangeles
2010 Chevy hhr(Road ready),Chevy,2010,,Petrol,Unknown,1000.0,USA,craigslist_losangeles
"2011 KIA SOUL SPORT, Runs excellent",Kia,2011,,Petrol,Unknown,4300.0,USA,craigslist_losangeles
2014 Honda Pilot LX Model SUV 4 Sale,Honda,2014,,Petrol,Unknown,6900.0,USA,craigslist_losangeles
2009 Volkswagen Passat,Volkswagen,2009,,Petrol,Unknown,2500.0,USA,craigslist_losangeles
2018 Honda Accord Sport,Honda,2018,,Petrol,Unknown,11000.0,USA,craigslist_losangeles
2017 Toyota Camry SE Model Sedan Gas Saver For Sale,Toyota,2017,,Petrol,Unknown,11900.0,USA,craigslist_losangeles
((( 2009 Toyota Prius ))),Toyota,2009,,Petrol,Unknown,3400.0,USA,craigslist_losangeles
2008 jeep wrangler,Jeep,2008,,Petrol,Unknown,7900.0,USA,craigslist_losangeles
2011 Toyota Tundra,Toyota,2011,,Petrol,Unknown,7900.0,USA,craigslist_losangeles
2006 Honda accord,Honda,2006,,Petrol,Unknown,7400.0,USA,craigslist_losangeles
2013 lexus tc200h  base hatchback,Lexus,2013,,Petrol,Unknown,6000.0,USA,craigslist_losangeles
2011 Honda Fit Sport !,Honda,2011,,Petrol,Unknown,2850.0,USA,craigslist_losangeles
"2022 Subaru Legacy Premium AWD – Only 19,072 Miles – One Owner",Subaru,2022,,Petrol,Unknown,22900.0,USA,craigslist_losangeles
2000 FORD ECONOLINE F150 CARGO VAN LOW MILES RUNS GREAT DRIVES GREAT,Ford,2000,,Petrol,Unknown,4750.0,USA,craigslist_chicago
2009 Honda Civic LX 2 door couoe,Honda,2009,,Petrol,Unknown,3400.0,USA,craigslist_chicago
2015 BMW X1 xdrive28,BMW,2015,,Petrol,Unknown,5500.0,USA,craigslist_chicago
2002 Subaru Forester AWD 65k Original miles,Subaru,2002,,Petrol,Unknown,4200.0,USA,craigslist_chicago
2015 Chevy Equinox LT,Chevy,2015,,Petrol,Unknown,5795.0,USA,craigslist_chicago
2017 Lincoln Continental fully loaded runs good,Lincoln,2017,,Petrol,Unknown,6000.0,USA,craigslist_chicago
2017 Volkswagen tiguan four-cylinder drives beautiful,Volkswagen,2017,,Petrol,Unknown,5500.0,USA,craigslist_chicago
1994 Pontiac trans am 25th anniversary,1994,1994,,Petrol,Unknown,13900.0,USA,craigslist_chicago
"2011 Mercedes ""E"" Class Sport",Mercedes,2011,,Petrol,Unknown,11900.0,USA,craigslist_chicago
2011 HONDA ODDESSY EX-L,Honda,2011,,Petrol,Unknown,5000.0,USA,craigslist_chicago
Honda Accord Ex 2017,Honda,2017,,Petrol,Unknown,10900.0,USA,craigslist_chicago
Forester Subaru Premium 2017,Subaru,2017,,Petrol,Unknown,7500.0,USA,craigslist_chicago
Grand Caravan 2019,Grand,2019,,Petrol,Unknown,8000.0,USA,craigslist_chicago
Chevrolet Traverse Lt 2021,Chevrolet,2021,,Petrol,Unknown,12900.0,USA,craigslist_chicago
Ram 1500 bighorn 2015,Ram,2015,,Petrol,Unknown,9900.0,USA,craigslist_chicago
Jeep Grand Cherokee Limited 2016,Jeep,2016,,Petrol,Unknown,7700.0,USA,craigslist_chicago
Chevrolet Suburban Ltz 2015,Chevrolet,2015,,Petrol,Unknown,13900.0,USA,craigslist_chicago
Chevrolet Suburban Premier 2021,Chevrolet,2021,,Petrol,Unknown,32300.0,USA,craigslist_chicago
"2003 Honda Civic — White, 4-Door — Runs Great!",Honda,2003,,Petrol,Unknown,2300.0,USA,craigslist_chicago
2014 TAURUS,2014,2014,,Petrol,Unknown,4000.0,USA,craigslist_chicago
2010 Ford Fusion SE,Ford,2010,,Petrol,Unknown,2700.0,USA,craigslist_chicago
2014 Cadillac 3.6 Performance AWD - Champagne Silver,Cadillac,2014,,Petrol,Unknown,16500.0,USA,craigslist_chicago
2013 BMW 328i xDrive,BMW,2013,,Petrol,Unknown,7500.0,USA,craigslist_chicago
2013 bmw 550i xdrive,BMW,2013,,Petrol,Unknown,8000.0,USA,craigslist_chicago
2017 Honda CR-V AWD LX,Honda,2017,,Petrol,Unknown,12300.0,USA,craigslist_chicago
1995 Chevy Silverado 1500,Chevy,1995,,Petrol,Unknown,6800.0,USA,craigslist_chicago
2017 GMC Yukon,GMC,2017,,Petrol,Unknown,18700.0,USA,craigslist_chicago
1000 BHP 2020 Ford Mustange GT - HellRaiser,Ford,2020,,Petrol,Unknown,66500.0,USA,craigslist_chicago
2009 Chevy Avalanche LT 4x4…Runs great…Remote start…Cold AC,Chevy,2009,,Petrol,Unknown,5000.0,USA,craigslist_chicago
>>> 2017 TOYOTA CAMRY 4DR SEDAN <<<,Toyota,2017,,Petrol,Unknown,5700.0,USA,craigslist_chicago
FOR SALE: 2010 Chrysler Town & Country Touring Edition – 7 Passenger,Chrysler,2010,,Petrol,Unknown,3800.0,USA,craigslist_chicago
2014 JEEP PATRIOT,Jeep,2014,,Petrol,Unknown,4200.0,USA,craigslist_chicago
2010 MITSUBISHI ECLIPSE ... RUNS GREAT .. CLEAN ..,Mitsubishi,2010,,Petrol,Unknown,2900.0,USA,craigslist_chicago
2010 FORD EDGE LIMITED AWD  .. RUNS GREAT . .. LOADED .. 91K MILES,Ford,2010,,Petrol,Unknown,3900.0,USA,craigslist_chicago
1998 civic lx,1998,1998,,Petrol,Unknown,1200.0,USA,craigslist_chicago
2010 Nissan Rogue AWD,Nissan,2010,,Petrol,Unknown,4995.0,USA,craigslist_chicago
2016 Ford F-150 XLT Sport,Ford,2016,,Petrol,Unknown,13500.0,USA,craigslist_chicago
2009 Toyota camry le,Toyota,2009,,Petrol,Unknown,4400.0,USA,craigslist_chicago
2014 Hyundai Elantra GT,Hyundai,2014,,Petrol,Unknown,3500.0,USA,craigslist_chicago
2013 FORD EXPLORER LIMITED,Ford,2013,,Petrol,Unknown,8500.0,USA,craigslist_chicago
ACURA TL 2009 - Looks Great - Runs Great,Acura,2009,,Petrol,Unknown,4950.0,USA,craigslist_chicago
Toyota Camry 2019,Toyota,2019,,Petrol,Unknown,20700.0,USA,craigslist_chicago
2026 Chevrolet Colorado Trail Boss,Chevrolet,2026,,Petrol,Unknown,36000.0,USA,craigslist_chicago
2002 Mitsubishi eclipse spyder convertible,Mitsubishi,2002,,Petrol,Unknown,5500.0,USA,craigslist_chicago
2016 Jeep Cherokee,Jeep,2016,,Petrol,Unknown,5500.0,USA,craigslist_chicago
2002 Porsche 911 Convertible 27000 miles,Porsche,2002,,Petrol,Unknown,29900.0,USA,craigslist_chicago
2003 Toyota Tundra SR5 V8 No Rust!,Toyota,2003,,Petrol,Unknown,19900.0,USA,craigslist_chicago
2012 Jeep Patriot Latitude,Jeep,2012,,Petrol,Unknown,4750.0,USA,craigslist_chicago
2010 Honda CRV EXL,Honda,2010,,Petrol,Unknown,6500.0,USA,craigslist_chicago
"2019 chevy spark , with only 20,000 miles and a warranty",Chevy,2019,,Petrol,Unknown,16500.0,USA,craigslist_chicago
2009 F350 Lariat,2009,2009,,Petrol,Unknown,12500.0,USA,craigslist_chicago
2010 ford edge,Ford,2010,,Petrol,Unknown,3650.0,USA,craigslist_chicago
2000 FORD ECONOLINE F150 CARGO VAN LOW MILES RUNS GREAT DRIVES GREAT,Ford,2000,,Petrol,Unknown,4750.0,USA,craigslist_chicago
2014 Nissan Juke S,Nissan,2014,,Petrol,Unknown,6975.0,USA,craigslist_chicago
***** 2018 FORD ECOSPORT SES  *****,Ford,2018,,Petrol,Unknown,4999.0,USA,craigslist_chicago
2022 Audi A3,Audi,2022,,Petrol,Unknown,25500.0,USA,craigslist_chicago
1990 Fox Body Convertible 2.3L Only79K,1990,1990,,Petrol,Unknown,3200.0,USA,craigslist_chicago
2008 Subaru Impreza AWD,Subaru,2008,,Petrol,Unknown,3800.0,USA,craigslist_chicago
1998 Mercedes clk 320,Mercedes,1998,,Petrol,Unknown,2000.0,USA,craigslist_chicago
2016 Ford Escape S SUV / Crossover – Clean Title – Backup Camera – Blu,Ford,2016,,Petrol,Unknown,6700.0,USA,craigslist_chicago
2018 Chevrolet cruze LS sedan 80.000 miles,Chevrolet,2018,,Petrol,Unknown,7900.0,USA,craigslist_chicago
2011 Jaguar XF,2011,2011,,Petrol,Unknown,11900.0,USA,craigslist_chicago
2004 Ford  F-150 ~,Ford,2004,,Petrol,Unknown,5000.0,USA,craigslist_chicago
2008 Toyota sienna le van,Toyota,2008,,Petrol,Unknown,4250.0,USA,craigslist_chicago
2009 Mitsubishi outlander awd,Mitsubishi,2009,,Petrol,Unknown,3995.0,USA,craigslist_chicago
1992 CORVETTE CONV.  53k MILES,1992,1992,,Petrol,Unknown,16900.0,USA,craigslist_chicago
2014 Acura RDX,Acura,2014,,Petrol,Unknown,7900.0,USA,craigslist_chicago
2010 Toyota Camry,Toyota,2010,,Petrol,Unknown,4500.0,USA,craigslist_chicago
2004 Saturn nv good car 4 cylinder,2004,2004,,Petrol,Unknown,2300.0,USA,craigslist_chicago
2004 Toyota sequoia 4WD run drive only rusted,Toyota,2004,,Petrol,Unknown,1850.0,USA,craigslist_chicago
2002 Mercedes CL 500 run drive problem suspension air,Mercedes,2002,,Petrol,Unknown,3000.0,USA,craigslist_chicago
2012 Chevrolet traverse,Chevrolet,2012,,Petrol,Unknown,5100.0,USA,craigslist_chicago
2006 Dodge sprinter 2500 run drive problem transmission no shifting,Dodge,2006,,Petrol,Unknown,3500.0,USA,craigslist_chicago
2004 Audi A4 problems start,Audi,2004,,Petrol,Unknown,1200.0,USA,craigslist_chicago
2022 BMW M550i xDrive,BMW,2022,,Petrol,Unknown,45000.0,USA,craigslist_chicago
2008 Acura TL good car,Acura,2008,,Petrol,Unknown,2650.0,USA,craigslist_chicago
Semi Truck Frightliner century 2010,Semi,2010,,Petrol,Unknown,10000.0,USA,craigslist_chicago
2011 Audi Q7 3.0 TDI Prestige S-Line,Audi,2011,,Petrol,Unknown,4000.0,USA,craigslist_chicago
2006 chevy express,Chevy,2006,,Petrol,Unknown,3950.0,USA,craigslist_chicago
2011 HONDA CR-Z COUPE  ... RUNS GREAT .. CLEAN ..,Honda,2011,,Petrol,Unknown,3900.0,USA,craigslist_chicago
2018 Hyundai Santa Fe Sport - Low miles**,Hyundai,2018,,Petrol,Unknown,9500.0,USA,craigslist_chicago
2000 Cadillac Deville,Cadillac,2000,,Petrol,Unknown,1500.0,USA,craigslist_chicago
2014 Ford Fusion SE,Ford,2014,,Petrol,Unknown,4800.0,USA,craigslist_chicago
2013 BMW X5,BMW,2013,,Petrol,Unknown,10800.0,USA,craigslist_chicago
1999 Toyota Tacoma Manual 5-Speed 4x4,Toyota,1999,,Petrol,Unknown,21900.0,USA,craigslist_chicago
2013 BMW 328i xDrive,BMW,2013,,Petrol,Unknown,7995.0,USA,craigslist_chicago
2011 Hyundai Santa Fe GLS,Hyundai,2011,,Petrol,Unknown,2900.0,USA,craigslist_chicago
2018 chevrolet silverado 2500HD,Chevrolet,2018,,Petrol,Unknown,31200.0,USA,craigslist_chicago
2016 Mazda 6,Mazda,2016,,Petrol,Unknown,6900.0,USA,craigslist_chicago
2019 Chevy Trax LT,Chevy,2019,,Petrol,Unknown,4250.0,USA,craigslist_chicago
2005 Mercedes  Benz CLK500 Convertible with Low Mikeage,Mercedes,2005,,Petrol,Unknown,11900.0,USA,craigslist_chicago
2019 Acura RDX SH-AWD — Advance Package (Custom),Acura,2019,,Petrol,Unknown,21900.0,USA,craigslist_chicago
2015 Toyota Highlander XLE AWD 3RD ROW.,Toyota,2015,,Petrol,Unknown,15900.0,USA,craigslist_chicago
Mechanics Special 2008 Hyundai Sonata GSL low milage,Hyundai,2008,,Petrol,Unknown,1250.0,USA,craigslist_chicago
2014 Nissan Pathfinder,Nissan,2014,,Petrol,Unknown,8000.0,USA,craigslist_chicago
2016 Honda HRV,Honda,2016,,Petrol,Unknown,19200.0,USA,craigslist_chicago
"""RARE"" 2015 BMW 228I ///M Sport (6 spd, LOADED, ONLY 42k!)",BMW,2015,,Petrol,Unknown,22000.0,USA,craigslist_chicago
2007 BMW X5 (needs coolant fan),BMW,2007,,Petrol,Unknown,1600.0,USA,craigslist_chicago
2019 Ford Explorer Police Interceptor Utility AWD,Ford,2019,,Petrol,Unknown,5500.0,USA,craigslist_chicago
2008 Ford Explorer,Ford,2008,,Petrol,Unknown,5000.0,USA,craigslist_chicago
2005 Honda CRV,Honda,2005,,Petrol,Unknown,3250.0,USA,craigslist_chicago
2018 Ford Escape SE,Ford,2018,,Petrol,Unknown,8500.0,USA,craigslist_chicago
2018 Ford Escape,Ford,2018,,Petrol,Unknown,6500.0,USA,craigslist_chicago
2015 Mistubushi Outlander Sport,2015,2015,,Petrol,Unknown,7000.0,USA,craigslist_chicago
2007 Mazdaspeed6 Sport-Low Miles,2007,2007,,Petrol,Unknown,15900.0,USA,craigslist_chicago
2014 Toyota Corolla LE,Toyota,2014,,Petrol,Unknown,5500.0,USA,craigslist_chicago
SUBARU IMPREZA 2017,Subaru,2017,,Petrol,Unknown,11000.0,USA,craigslist_chicago
2014 Chevrolet Camaro,Chevrolet,2014,,Petrol,Unknown,7000.0,USA,craigslist_chicago
2000 Jeep Cherokee Sport,Jeep,2000,,Petrol,Unknown,3250.0,USA,craigslist_chicago
2014 JEEP WRANGLER SPORT WITH 90K MILES,Jeep,2014,,Petrol,Unknown,13500.0,USA,craigslist_chicago
2013 Nissan Quest Extra Clean!,Nissan,2013,,Petrol,Unknown,6900.0,USA,craigslist_chicago
2015 LEXUS RX 350 - LOOW ORIGINAL MILEAGE  !,Lexus,2015,,Petrol,Unknown,18900.0,USA,craigslist_chicago
2006 Mercedes-Benz SLK-Class Base,2006,2006,,Petrol,Unknown,9900.0,USA,craigslist_chicago
2004 Chevrolet trailblazer,Chevrolet,2004,,Petrol,Unknown,2200.0,USA,craigslist_chicago
Ford escape 2014,Ford,2014,,Petrol,Unknown,4900.0,USA,craigslist_chicago
2016 Ford E450 VAN/ BUS,Ford,2016,,Petrol,Unknown,23500.0,USA,craigslist_chicago
2016 honda oddysey EX,Honda,2016,,Petrol,Unknown,5900.0,USA,craigslist_chicago
2008 Volvo XC70 AWD 3.2 wagon,Volvo,2008,,Petrol,Unknown,4300.0,USA,craigslist_chicago
2013 Chevrolet Impala,Chevrolet,2013,,Petrol,Unknown,3500.0,USA,craigslist_chicago
"2013 Ford Escape 4x4 Panoramic Roof,Leather,Navigation FULLY LOADED",Ford,2013,,Petrol,Unknown,4500.0,USA,craigslist_chicago
1999 Lexus ES300,Lexus,1999,,Petrol,Unknown,2000.0,USA,craigslist_chicago
2015 Corvette Stingray,2015,2015,,Petrol,Unknown,52000.0,USA,craigslist_chicago
2016 Acura TLX 3.5L V6 72.4K Miles |Clean Title| 1 Owner | No Accident,Acura,2016,,Petrol,Unknown,19220.0,USA,craigslist_chicago
2012 Jeep Wrangler Rubicon • AEV Package 4D,Jeep,2012,,Petrol,Unknown,18499.0,USA,craigslist_chicago
2009 BUICK ENCLAVE AWD,Buick,2009,,Petrol,Unknown,4500.0,USA,craigslist_chicago
2001 toyota tundra access cab 4x4,Toyota,2001,,Petrol,Unknown,10500.0,USA,craigslist_chicago
2014 Nissan NV200,Nissan,2014,,Petrol,Unknown,6500.0,USA,craigslist_chicago
"2011 Nissan versa 75,000 miles",Nissan,2011,,Petrol,Unknown,4950.0,USA,craigslist_chicago
Dodge Durango 2004 family suv,Dodge,2004,,Petrol,Unknown,2400.0,USA,craigslist_chicago
2011 Porsche Cayenne Turbo,Porsche,2011,,Petrol,Unknown,15900.0,USA,craigslist_chicago
2012 HONDA ODYSSEY HIGHLY MAINTAINED,Honda,2012,,Petrol,Unknown,7400.0,USA,craigslist_chicago
Nissan Sentra 2017,Nissan,2017,,Petrol,Unknown,7950.0,USA,craigslist_chicago
Honda Civic Hybrid 2014,Honda,2014,,Petrol,Unknown,3900.0,USA,craigslist_chicago
2014 Chevrolet Cruze LT Sedan,Chevrolet,2014,,Petrol,Unknown,5550.0,USA,craigslist_chicago
2014 Nissan Murano,Nissan,2014,,Petrol,Unknown,2250.0,USA,craigslist_chicago
2008 Volvo  XC90,Volvo,2008,,Petrol,Unknown,4500.0,USA,craigslist_chicago
2016 MERCEDES-BENZ E400 DR SDN 4MATIC,2016,2016,,Petrol,Unknown,15800.0,USA,craigslist_chicago
2000 VW Turbo Beetle Manual,VW,2000,,Petrol,Unknown,2000.0,USA,craigslist_chicago
2009 Honda crv awd,Honda,2009,,Petrol,Unknown,4650.0,USA,craigslist_chicago
2012 GMC ACADIA LT,GMC,2012,,Petrol,Unknown,5000.0,USA,craigslist_chicago
2018 Chrysler Pacifica Touring L,Chrysler,2018,,Petrol,Unknown,11500.0,USA,craigslist_chicago
2011 Chryler Town & Country,2011,2011,,Petrol,Unknown,2450.0,USA,craigslist_chicago
2003 BMW Z4 3.0i,BMW,2003,,Petrol,Unknown,6200.0,USA,craigslist_chicago
2015 Nissan Rogue Select AWD,Nissan,2015,,Petrol,Unknown,4950.0,USA,craigslist_chicago
2015 GMC sierra 2500,GMC,2015,,Petrol,Unknown,26000.0,USA,craigslist_chicago
2020 Ford Mustang Shelby GT350,Ford,2020,,Petrol,Unknown,31000.0,USA,craigslist_chicago
2011 HONDA ODDESSY EX-L,Honda,2011,,Petrol,Unknown,6500.0,USA,craigslist_chicago
2011 CHEVY IMPALA,Chevy,2011,,Petrol,Unknown,5000.0,USA,craigslist_chicago
2019 KIA SPORTAGE LT,Kia,2019,,Petrol,Unknown,8500.0,USA,craigslist_chicago
2019 Peterbilt 389 Car Hauler,2019,2019,,Petrol,Unknown,139000.0,USA,craigslist_chicago
2015 Freightliner M2 - 26ft / straight truck,2015,2015,,Petrol,Unknown,15900.0,USA,craigslist_chicago
2016 Mercedes-Benz Sprinter 3500 XD Cargo,2016,2016,,Petrol,Unknown,26000.0,USA,craigslist_chicago
2017 Mercedes Benz cla250 4matic,Mercedes,2017,,Petrol,Unknown,6500.0,USA,craigslist_chicago
2022 FORD F650 BOX TRUCK,Ford,2022,,Petrol,Unknown,23498.0,USA,craigslist_chicago
2017 FORD F250,Ford,2017,,Petrol,Unknown,11498.0,USA,craigslist_chicago
2016 RAM PROMASTER 2500 HIGH ROOF,Ram,2016,,Petrol,Unknown,8998.0,USA,craigslist_chicago
2013 Nissan Altima Coupe 2.5,Nissan,2013,,Petrol,Unknown,6000.0,USA,craigslist_chicago
2014 Dodge Avenger SE V-6,Dodge,2014,,Petrol,Unknown,4800.0,USA,craigslist_chicago
2008 BMW used 2008 bmw x3 3.0si sport utility 4d awd/4wd,BMW,2008,,Petrol,Unknown,8990.0,USA,craigslist_chicago
2000 S10 ZR2 Pickup,2000,2000,,Petrol,Unknown,4000.0,USA,craigslist_chicago
2020 CHEVY SILVERADO 1500 LT,Chevy,2020,,Petrol,Unknown,17900.0,USA,craigslist_chicago
SUV/FAMILY VEHICLE NISSAN ARMADA 2013,Nissan,2013,,Petrol,Unknown,2500.0,USA,craigslist_chicago
2014 Ford Explorer XLT Sport Utility AWD 3rd row seating,Ford,2014,,Petrol,Unknown,4000.0,USA,craigslist_chicago
1998 Porsche Boxter,Porsche,1998,,Petrol,Unknown,14000.0,USA,craigslist_chicago
2012 Toyota Sequoia Platinum 4WD,Toyota,2012,,Petrol,Unknown,13900.0,USA,craigslist_chicago
2004 Buick LeSabre Custom,Buick,2004,,Petrol,Unknown,2500.0,USA,craigslist_chicago
2008 Sebring convertible,2008,2008,,Petrol,Unknown,1900.0,USA,craigslist_chicago
2011 Nissan juke AWD,Nissan,2011,,Petrol,Unknown,2950.0,USA,craigslist_chicago
2014 CADILLAC SRX LUXURY..BACK UP CAM.PANORAMIC SUNROOF..DRIVES PERF,Cadillac,2014,,Petrol,Unknown,5900.0,USA,craigslist_chicago
2018 Kia forte,Kia,2018,,Petrol,Unknown,5500.0,USA,craigslist_chicago
2012 Toyota Camry HYBRID XLE,Toyota,2012,,Petrol,Unknown,3299.0,USA,craigslist_chicago
"2011 Nissan Sentra SR • ONLY 99K Miles, 1 Owner, Clean Title",Nissan,2011,,Petrol,Unknown,3300.0,USA,craigslist_chicago
2002 BMW X5,BMW,2002,,Petrol,Unknown,2500.0,USA,craigslist_chicago
2014 Honda Odyssey,Honda,2014,,Petrol,Unknown,9300.0,USA,craigslist_chicago
2014 honda Odyssey *mechanic special,Honda,2014,,Petrol,Unknown,2600.0,USA,craigslist_chicago
2003 Mercedes Benz S430,Mercedes,2003,,Petrol,Unknown,3500.0,USA,craigslist_chicago
2013 Chevy Cruze LT,Chevy,2013,,Petrol,Unknown,3250.0,USA,craigslist_chicago
2008 Honda Accord,Honda,2008,,Petrol,Unknown,4750.0,USA,craigslist_chicago
2016 Nissan Pathfinder Platinum 4WD – Clean Title!,Nissan,2016,,Petrol,Unknown,3800.0,USA,craigslist_chicago
2011 Chrysler 200 Platinum,Chrysler,2011,,Petrol,Unknown,3500.0,USA,craigslist_chicago
2015 Ford Expedition EL Limited 4x4,Ford,2015,,Petrol,Unknown,7500.0,USA,craigslist_chicago
2016 Dodge Durango R/T V8,Dodge,2016,,Petrol,Unknown,12500.0,USA,craigslist_chicago
2017 GMC ACADIA AWD,GMC,2017,,Petrol,Unknown,7100.0,USA,craigslist_chicago
1 Owner 2013 Hyundai Santa Fae Sport,Hyundai,2013,,Petrol,Unknown,4800.0,USA,craigslist_chicago
2005 HONDA CR-V,Honda,2005,,Petrol,Unknown,2500.0,USA,craigslist_chicago
Honda Odyssey Touring 2013,Honda,2013,,Petrol,Unknown,6300.0,USA,craigslist_chicago
2010 Toyota Camry LE,Toyota,2010,,Petrol,Unknown,4200.0,USA,craigslist_chicago
2011 Nissan Versa Sedan,Nissan,2011,,Petrol,Unknown,4950.0,USA,craigslist_chicago
2003 maxima SE 6 speed manual transmission,2003,2003,,Petrol,Unknown,3500.0,USA,craigslist_chicago
2009 Nissan Altima 3.5 SL V6,Nissan,2009,,Petrol,Unknown,2500.0,USA,craigslist_chicago
SELLING EXCELLENT RUNNING 2002 CAMRY COLD A C $1650 OBO,SELLING,2002,,Petrol,Unknown,1650.0,USA,craigslist_chicago
2012 DODGE RAM 5500 4X4 CREW CAB,Dodge,2012,,Petrol,Unknown,24000.0,USA,craigslist_chicago
2001 Chevrolet Suburban 1500 LT 4x4,Chevrolet,2001,,Petrol,Unknown,4500.0,USA,craigslist_chicago
2012 bmw x drive 35i premium awd mint condition,BMW,2012,,Petrol,Unknown,5400.0,USA,craigslist_chicago
2015 Ford Expedition EL,Ford,2015,,Petrol,Unknown,14500.0,USA,craigslist_chicago
2006 Nissan Murano,Nissan,2006,,Petrol,Unknown,4700.0,USA,craigslist_chicago
"2003 Mercedes-Benz E320 Luxury Sedan 129,908 Miles",2003,2003,,Petrol,Unknown,3577.0,USA,craigslist_chicago
"2013 Audi Q5 Quattro 2.0T Premium Plus — Single Owner, Immaculate",Audi,2013,,Petrol,Unknown,13800.0,USA,craigslist_chicago
2009 NISSAN ROGUE 125k,Nissan,2009,,Petrol,Unknown,2750.0,USA,craigslist_chicago
2011 Nissan Versa SL,Nissan,2011,,Petrol,Unknown,5000.0,USA,craigslist_chicago
2013 Chevrolet Express 2500 EXT WB,Chevrolet,2013,,Petrol,Unknown,5950.0,USA,craigslist_chicago
2006 Chevrolet 3500 Dually Diesel Dump Truck w/ Western Ultramount Plo,Chevrolet,2006,,Petrol,Unknown,26000.0,USA,craigslist_chicago
2022 Dodge Durango AWD,Dodge,2022,,Petrol,Unknown,16661.0,USA,craigslist_chicago
2009 Chevy Impala Lt,Chevy,2009,,Petrol,Unknown,2200.0,USA,craigslist_chicago
"2003 Chevy express 1500 4.3l original mile 65,000 miles 6 CYL",Chevy,2003,,Petrol,Unknown,2800.0,USA,craigslist_chicago
2012 Mercedes c250 sport,Mercedes,2012,,Petrol,Unknown,7800.0,USA,craigslist_chicago
1997 Saab 900SE turbo,1997,1997,,Petrol,Unknown,3600.0,USA,craigslist_chicago
2006 Honda odyssey EX-L w/Navigation Minivan 4D,Honda,2006,,Petrol,Unknown,2930.0,USA,craigslist_chicago
1999 JEEP WRANGLER,Jeep,1999,,Petrol,Unknown,6000.0,USA,craigslist_chicago
2021 gmc sierra 2500 GAS,GMC,2021,,Petrol,Unknown,28900.0,USA,craigslist_chicago
2014 Freightliner Cascadia Custom Sleeper Expediter,2014,2014,,Petrol,Unknown,19999.0,USA,craigslist_chicago
2016 Ford escape,Ford,2016,,Petrol,Unknown,6200.0,USA,craigslist_chicago
2009 Porsche Cayenne Turbo S,Porsche,2009,,Petrol,Unknown,17500.0,USA,craigslist_chicago
"2008 Ford F450 Super Duty 4x4 Plow Truck,Diesel Flatbed 42k miles",Ford,2008,,Petrol,Unknown,13000.0,USA,craigslist_chicago
2006 Subaru Impreza WRX Wagon Limited,Subaru,2006,,Petrol,Unknown,3800.0,USA,craigslist_chicago
2018 BMW X6 3.5i Xdrive,BMW,2018,,Petrol,Unknown,16000.0,USA,craigslist_chicago
For Sale 2019 Peterbilt 579 !!!,For,2019,,Petrol,Unknown,17000.0,USA,craigslist_chicago
2014 GMC Terrain SLE AWD,GMC,2014,,Petrol,Unknown,5899.0,USA,craigslist_chicago
2005 Acura TL • Rust-Free Oregon Car • Clean Title,Acura,2005,,Petrol,Unknown,4500.0,USA,craigslist_chicago
"Sharp 2008 Hyundai Tucson SE 4X4 with 104,000 Miles",Hyundai,2008,,Petrol,Unknown,3500.0,USA,craigslist_chicago
----------------2008-Ford Escape XLT AWD COLD AC----SUNROOF--------,----------------2008-Ford,2008,,Petrol,Unknown,3800.0,USA,craigslist_chicago
LQQK Year 2003 2.0 4Cyl automatic. Miles 125K,LQQK,2003,,Petrol,Unknown,3500.0,USA,craigslist_chicago
2021 Chevrolet Malibu LS,Chevrolet,2021,,Petrol,Unknown,18500.0,USA,craigslist_chicago
2008 BMW 328xi AWD Sedan - Clean Title - 106k Miles - Garaged,BMW,2008,,Petrol,Unknown,6000.0,USA,craigslist_chicago
2017 ACURA RDX with Tec package,Acura,2017,,Petrol,Unknown,16000.0,USA,craigslist_chicago
VW Passat 2014 in very good condition,VW,2014,,Petrol,Unknown,7800.0,USA,craigslist_chicago
2008 RANGE ROVER SPORT HSC,2008,2008,,Petrol,Unknown,3500.0,USA,craigslist_chicago
2019 NISSAN SENTRA SE AUTO BLACK BEAUTY CAMERA ALL PWR AC HEAT RUNS GR,Nissan,2019,,Petrol,Unknown,5995.0,USA,craigslist_chicago
2016 Jeep Wrangler Willys 6MT - 64k Mi - 4” SuperLift/Bilstein - 35s,Jeep,2016,,Petrol,Unknown,17995.0,USA,craigslist_chicago
Ram 1500 Bighorn 2016,Ram,2016,,Petrol,Unknown,11900.0,USA,craigslist_chicago
2007 dodge ram 1500,Dodge,2007,,Petrol,Unknown,4800.0,USA,craigslist_chicago
2002 Mercedes-Benz CLK 55 AMG Cabriolet - Low Miles! Great Shape!,2002,2002,,Petrol,Unknown,14200.0,USA,craigslist_chicago
2011 Tahoe,2011,2011,,Petrol,Unknown,7500.0,USA,craigslist_chicago
Lexus rx350 2009 5-door suv 4x4,Lexus,2009,,Petrol,Unknown,6000.0,USA,craigslist_chicago
Subaru Ascent 2020 in great condition,Subaru,2020,,Petrol,Unknown,24000.0,USA,craigslist_chicago
2005 Infinity QX56,2005,2005,,Petrol,Unknown,6500.0,USA,craigslist_chicago
Ford taurus SES 2003,Ford,2003,,Petrol,Unknown,2950.0,USA,craigslist_chicago
2002 Chevrolet Silverado,Chevrolet,2002,,Petrol,Unknown,3900.0,USA,craigslist_chicago
2015 F250 super duty,2015,2015,,Petrol,Unknown,5000.0,USA,craigslist_chicago
2012 Nissan frontier,Nissan,2012,,Petrol,Unknown,11500.0,USA,craigslist_chicago
2016 Mazda- Low Miles - Clean Interior - Reliable Daily Driver,2016,2016,,Petrol,Unknown,11500.0,USA,craigslist_chicago
2016 Mercedes-Benz GLA,2016,2016,,Petrol,Unknown,9000.0,USA,craigslist_chicago
"1998 Mercedes Benz low mileage, one owner",Mercedes,1998,,Petrol,Unknown,16000.0,USA,craigslist_chicago
2019 Hyundai Kona SE,Hyundai,2019,,Petrol,Unknown,10900.0,USA,craigslist_chicago
GMC 2013 Acadia Denali,GMC,2013,,Petrol,Unknown,4999.0,USA,craigslist_chicago
2006 Lexus Es330,Lexus,2006,,Petrol,Unknown,6500.0,USA,craigslist_chicago
TOYOTA CAMRY 2016 SE!,Toyota,2016,,Petrol,Unknown,5900.0,USA,craigslist_chicago
2008 F350 Super Duty XL 4x4,2008,2008,,Petrol,Unknown,12000.0,USA,craigslist_chicago
2020 Ford F350 Super Duty King Ranch 7.3 Gas liter engine,Ford,2020,,Petrol,Unknown,63500.0,USA,craigslist_chicago
2006 Chevy 2500 4x4 V8,Chevy,2006,,Petrol,Unknown,4000.0,USA,craigslist_chicago
2003 Ford F250 XLT 4x4 Super Duty,Ford,2003,,Petrol,Unknown,5000.0,USA,craigslist_chicago
Drives Anywhere! 2008 Ford Escape XLT AWD Cold AC SAT Radio,Ford,2008,,Petrol,Unknown,3800.0,USA,craigslist_chicago
READ-2005 Honda Pilot AWD Third Row Sunroof No Service Lights,Honda,2005,,Petrol,Unknown,3800.0,USA,craigslist_chicago
Hyundai Venue 2021,Hyundai,2021,,Petrol,Unknown,19000.0,USA,craigslist_chicago
2014 Volkswagen Passat,Volkswagen,2014,,Petrol,Unknown,4400.0,USA,craigslist_chicago
2007 Volvo Semi Truck – Fleet Maintained,Volvo,2007,,Petrol,Unknown,4999.0,USA,craigslist_chicago
Step Deck 53ft with ramps Chaparral Doonan Full Aluminum 2014,Step,2014,,Petrol,Unknown,24000.0,USA,craigslist_chicago
2014 White Ford Escape 4WD passed emissions,Ford,2014,,Petrol,Unknown,2700.0,USA,craigslist_chicago
2015 subaru outback,Subaru,2015,,Petrol,Unknown,5700.0,USA,craigslist_chicago
1990 Miata - Like New,1990,1990,,Petrol,Unknown,16400.0,USA,craigslist_chicago
2010 BMW 535i,BMW,2010,,Petrol,Unknown,7500.0,USA,craigslist_chicago
"1990 Cadillac sedan Deville 24,000 original miles",Cadillac,1990,,Petrol,Unknown,14000.0,USA,craigslist_chicago
2015 Subaru Outback Limited 2.5,Subaru,2015,,Petrol,Unknown,9000.0,USA,craigslist_chicago
1997 Mercedes-Benz sl-class SL 320 Roadster 2D r129,1997,1997,,Petrol,Unknown,8500.0,USA,craigslist_chicago
1990 Corvette for sale,1990,1990,,Petrol,Unknown,14500.0,USA,craigslist_chicago
2014 CHEVY CORVETTE CONVERTIBLE,Chevy,2014,,Petrol,Unknown,26500.0,USA,craigslist_chicago
2009 Nissan Altima,Nissan,2009,,Petrol,Unknown,3350.0,USA,craigslist_chicago
HONDA CIVIC SEDAN  LX  2012,Honda,2012,,Petrol,Unknown,9000.0,USA,craigslist_chicago
KIA SOUL 2014 SPECIAL EDITION 4CYL GAS SAVER,Kia,2014,,Petrol,Unknown,2850.0,USA,craigslist_chicago
2018 Ford Transit Cargo Low Roof LWB Clean title,Ford,2018,,Petrol,Unknown,14000.0,USA,craigslist_chicago
2023 Mercedes Sprinter Camper- Fully Loaded!,Mercedes,2023,,Petrol,Unknown,189970.0,USA,craigslist_chicago
2006 Mercury Marinier,2006,2006,,Petrol,Unknown,2100.0,USA,craigslist_chicago
2019 Chevy Equinox,Chevy,2019,,Petrol,Unknown,18000.0,USA,craigslist_chicago
2015 Chevy van,Chevy,2015,,Petrol,Unknown,4999.0,USA,craigslist_chicago
2014 gmc terrain Denali,GMC,2014,,Petrol,Unknown,5700.0,USA,craigslist_chicago
2017 Jeep Wrangler Rubicon - Recon Edition,Jeep,2017,,Petrol,Unknown,21900.0,USA,craigslist_chicago
2023 Chevrolet Tahoe - Warranty Until 100k Miles - *Clean Title*,Chevrolet,2023,,Petrol,Unknown,28000.0,USA,craigslist_chicago
2019 Lincoln MKC,Lincoln,2019,,Petrol,Unknown,14000.0,USA,craigslist_chicago
2014 Honda accord,Honda,2014,,Petrol,Unknown,6500.0,USA,craigslist_chicago
2011 Mitsubishi out lander sport,Mitsubishi,2011,,Petrol,Unknown,2500.0,USA,craigslist_chicago
2017 Volkswagen Tiguan,Volkswagen,2017,,Petrol,Unknown,8200.0,USA,craigslist_chicago
2002 bmw 330i,BMW,2002,,Petrol,Unknown,3500.0,USA,craigslist_chicago
2008 Silverado 1500 4x4 5.3L,2008,2008,,Petrol,Unknown,3900.0,USA,craigslist_chicago
2006 Mercedes Benz S500,Mercedes,2006,,Petrol,Unknown,5800.0,USA,craigslist_chicago
"Toyota venza 2009, clean title",Toyota,2009,,Petrol,Unknown,9800.0,USA,craigslist_chicago
2008 Dodge Ram 1500 BIG HORN,Dodge,2008,,Petrol,Unknown,6000.0,USA,craigslist_chicago
2010 Toyota Camry 2.5,Toyota,2010,,Petrol,Unknown,9000.0,USA,craigslist_chicago
2017 Ford Escape Titanium,Ford,2017,,Petrol,Unknown,12000.0,USA,craigslist_chicago
2010 volkswagen jetta 3700 obo,Volkswagen,2010,,Petrol,Unknown,3700.0,USA,craigslist_chicago
2003 Ford Thunderbird Convertible,Ford,2003,,Petrol,Unknown,14600.0,USA,craigslist_chicago
"2005 Volkswagon toureg v6 4wd 155,300",2005,2005,,Petrol,Unknown,2000.0,USA,craigslist_chicago
2000 FORD ECONOLINE F150 CARGO VAN LOW MILES RUNS GREAT DRIVES GREAT,Ford,2000,,Petrol,Unknown,4750.0,USA,craigslist_chicago
2009 Honda Civic LX 2 door couoe,Honda,2009,,Petrol,Unknown,3400.0,USA,craigslist_chicago
2015 BMW X1 xdrive28,BMW,2015,,Petrol,Unknown,5500.0,USA,craigslist_chicago
2002 Subaru Forester AWD 65k Original miles,Subaru,2002,,Petrol,Unknown,4200.0,USA,craigslist_chicago
2015 Chevy Equinox LT,Chevy,2015,,Petrol,Unknown,5795.0,USA,craigslist_chicago
2017 Lincoln Continental fully loaded runs good,Lincoln,2017,,Petrol,Unknown,6000.0,USA,craigslist_chicago
2017 Volkswagen tiguan four-cylinder drives beautiful,Volkswagen,2017,,Petrol,Unknown,5500.0,USA,craigslist_chicago
1994 Pontiac trans am 25th anniversary,1994,1994,,Petrol,Unknown,13900.0,USA,craigslist_chicago
"2011 Mercedes ""E"" Class Sport",Mercedes,2011,,Petrol,Unknown,11900.0,USA,craigslist_chicago
2011 HONDA ODDESSY EX-L,Honda,2011,,Petrol,Unknown,5000.0,USA,craigslist_chicago
Honda Accord Ex 2017,Honda,2017,,Petrol,Unknown,10900.0,USA,craigslist_chicago
Forester Subaru Premium 2017,Subaru,2017,,Petrol,Unknown,7500.0,USA,craigslist_chicago
Grand Caravan 2019,Grand,2019,,Petrol,Unknown,8000.0,USA,craigslist_chicago
Chevrolet Traverse Lt 2021,Chevrolet,2021,,Petrol,Unknown,12900.0,USA,craigslist_chicago
Ram 1500 bighorn 2015,Ram,2015,,Petrol,Unknown,9900.0,USA,craigslist_chicago
Jeep Grand Cherokee Limited 2016,Jeep,2016,,Petrol,Unknown,7700.0,USA,craigslist_chicago
Chevrolet Suburban Ltz 2015,Chevrolet,2015,,Petrol,Unknown,13900.0,USA,craigslist_chicago
Chevrolet Suburban Premier 2021,Chevrolet,2021,,Petrol,Unknown,32300.0,USA,craigslist_chicago
"2003 Honda Civic — White, 4-Door — Runs Great!",Honda,2003,,Petrol,Unknown,2300.0,USA,craigslist_chicago
2014 TAURUS,2014,2014,,Petrol,Unknown,4000.0,USA,craigslist_chicago
2010 Ford Fusion SE,Ford,2010,,Petrol,Unknown,2700.0,USA,craigslist_chicago
2014 Cadillac 3.6 Performance AWD - Champagne Silver,Cadillac,2014,,Petrol,Unknown,16500.0,USA,craigslist_chicago
2013 BMW 328i xDrive,BMW,2013,,Petrol,Unknown,7500.0,USA,craigslist_chicago
2013 bmw 550i xdrive,BMW,2013,,Petrol,Unknown,8000.0,USA,craigslist_chicago
2017 Honda CR-V AWD LX,Honda,2017,,Petrol,Unknown,12300.0,USA,craigslist_chicago
1995 Chevy Silverado 1500,Chevy,1995,,Petrol,Unknown,6800.0,USA,craigslist_chicago
2017 GMC Yukon,GMC,2017,,Petrol,Unknown,18700.0,USA,craigslist_chicago
1000 BHP 2020 Ford Mustange GT - HellRaiser,Ford,2020,,Petrol,Unknown,66500.0,USA,craigslist_chicago
2009 Chevy Avalanche LT 4x4…Runs great…Remote start…Cold AC,Chevy,2009,,Petrol,Unknown,5000.0,USA,craigslist_chicago
>>> 2017 TOYOTA CAMRY 4DR SEDAN <<<,Toyota,2017,,Petrol,Unknown,5700.0,USA,craigslist_chicago
FOR SALE: 2010 Chrysler Town & Country Touring Edition – 7 Passenger,Chrysler,2010,,Petrol,Unknown,3800.0,USA,craigslist_chicago
2014 JEEP PATRIOT,Jeep,2014,,Petrol,Unknown,4200.0,USA,craigslist_chicago
2010 MITSUBISHI ECLIPSE ... RUNS GREAT .. CLEAN ..,Mitsubishi,2010,,Petrol,Unknown,2900.0,USA,craigslist_chicago
2010 FORD EDGE LIMITED AWD  .. RUNS GREAT . .. LOADED .. 91K MILES,Ford,2010,,Petrol,Unknown,3900.0,USA,craigslist_chicago
1998 civic lx,1998,1998,,Petrol,Unknown,1200.0,USA,craigslist_chicago
2010 Nissan Rogue AWD,Nissan,2010,,Petrol,Unknown,4995.0,USA,craigslist_chicago
2016 Ford F-150 XLT Sport,Ford,2016,,Petrol,Unknown,13500.0,USA,craigslist_chicago
2009 Toyota camry le,Toyota,2009,,Petrol,Unknown,4400.0,USA,craigslist_chicago
2014 Hyundai Elantra GT,Hyundai,2014,,Petrol,Unknown,3500.0,USA,craigslist_chicago
2013 FORD EXPLORER LIMITED,Ford,2013,,Petrol,Unknown,8500.0,USA,craigslist_chicago
ACURA TL 2009 - Looks Great - Runs Great,Acura,2009,,Petrol,Unknown,4950.0,USA,craigslist_chicago
Toyota Camry 2019,Toyota,2019,,Petrol,Unknown,20700.0,USA,craigslist_chicago
2026 Chevrolet Colorado Trail Boss,Chevrolet,2026,,Petrol,Unknown,36000.0,USA,craigslist_chicago
2002 Mitsubishi eclipse spyder convertible,Mitsubishi,2002,,Petrol,Unknown,5500.0,USA,craigslist_chicago
2016 Jeep Cherokee,Jeep,2016,,Petrol,Unknown,5500.0,USA,craigslist_chicago
2002 Porsche 911 Convertible 27000 miles,Porsche,2002,,Petrol,Unknown,29900.0,USA,craigslist_chicago
2003 Toyota Tundra SR5 V8 No Rust!,Toyota,2003,,Petrol,Unknown,19900.0,USA,craigslist_chicago
2012 Jeep Patriot Latitude,Jeep,2012,,Petrol,Unknown,4750.0,USA,craigslist_chicago
2010 Honda CRV EXL,Honda,2010,,Petrol,Unknown,6500.0,USA,craigslist_chicago
"2019 chevy spark , with only 20,000 miles and a warranty",Chevy,2019,,Petrol,Unknown,16500.0,USA,craigslist_chicago
2009 F350 Lariat,2009,2009,,Petrol,Unknown,12500.0,USA,craigslist_chicago
2010 ford edge,Ford,2010,,Petrol,Unknown,3650.0,USA,craigslist_chicago
2000 FORD ECONOLINE F150 CARGO VAN LOW MILES RUNS GREAT DRIVES GREAT,Ford,2000,,Petrol,Unknown,4750.0,USA,craigslist_chicago
2014 Nissan Juke S,Nissan,2014,,Petrol,Unknown,6975.0,USA,craigslist_chicago
***** 2018 FORD ECOSPORT SES  *****,Ford,2018,,Petrol,Unknown,4999.0,USA,craigslist_chicago
2022 Audi A3,Audi,2022,,Petrol,Unknown,25500.0,USA,craigslist_chicago
1990 Fox Body Convertible 2.3L Only79K,1990,1990,,Petrol,Unknown,3200.0,USA,craigslist_chicago
2008 Subaru Impreza AWD,Subaru,2008,,Petrol,Unknown,3800.0,USA,craigslist_chicago
1998 Mercedes clk 320,Mercedes,1998,,Petrol,Unknown,2000.0,USA,craigslist_chicago
2016 Ford Escape S SUV / Crossover – Clean Title – Backup Camera – Blu,Ford,2016,,Petrol,Unknown,6700.0,USA,craigslist_chicago
2018 Chevrolet cruze LS sedan 80.000 miles,Chevrolet,2018,,Petrol,Unknown,7900.0,USA,craigslist_chicago
2011 Jaguar XF,2011,2011,,Petrol,Unknown,11900.0,USA,craigslist_chicago
2004 Ford  F-150 ~,Ford,2004,,Petrol,Unknown,5000.0,USA,craigslist_chicago
2008 Toyota sienna le van,Toyota,2008,,Petrol,Unknown,4250.0,USA,craigslist_chicago
2009 Mitsubishi outlander awd,Mitsubishi,2009,,Petrol,Unknown,3995.0,USA,craigslist_chicago
1992 CORVETTE CONV.  53k MILES,1992,1992,,Petrol,Unknown,16900.0,USA,craigslist_chicago
2014 Acura RDX,Acura,2014,,Petrol,Unknown,7900.0,USA,craigslist_chicago
2010 Toyota Camry,Toyota,2010,,Petrol,Unknown,4500.0,USA,craigslist_chicago
2004 Saturn nv good car 4 cylinder,2004,2004,,Petrol,Unknown,2300.0,USA,craigslist_chicago
2004 Toyota sequoia 4WD run drive only rusted,Toyota,2004,,Petrol,Unknown,1850.0,USA,craigslist_chicago
2002 Mercedes CL 500 run drive problem suspension air,Mercedes,2002,,Petrol,Unknown,3000.0,USA,craigslist_chicago
2012 Chevrolet traverse,Chevrolet,2012,,Petrol,Unknown,5100.0,USA,craigslist_chicago
2006 Dodge sprinter 2500 run drive problem transmission no shifting,Dodge,2006,,Petrol,Unknown,3500.0,USA,craigslist_chicago
2004 Audi A4 problems start,Audi,2004,,Petrol,Unknown,1200.0,USA,craigslist_chicago
2022 BMW M550i xDrive,BMW,2022,,Petrol,Unknown,45000.0,USA,craigslist_chicago
2008 Acura TL good car,Acura,2008,,Petrol,Unknown,2650.0,USA,craigslist_chicago
Semi Truck Frightliner century 2010,Semi,2010,,Petrol,Unknown,10000.0,USA,craigslist_chicago
2011 Audi Q7 3.0 TDI Prestige S-Line,Audi,2011,,Petrol,Unknown,4000.0,USA,craigslist_chicago
2006 chevy express,Chevy,2006,,Petrol,Unknown,3950.0,USA,craigslist_chicago
2011 HONDA CR-Z COUPE  ... RUNS GREAT .. CLEAN ..,Honda,2011,,Petrol,Unknown,3900.0,USA,craigslist_chicago
2018 Hyundai Santa Fe Sport - Low miles**,Hyundai,2018,,Petrol,Unknown,9500.0,USA,craigslist_chicago
2000 Cadillac Deville,Cadillac,2000,,Petrol,Unknown,1500.0,USA,craigslist_chicago
2014 Ford Fusion SE,Ford,2014,,Petrol,Unknown,4800.0,USA,craigslist_chicago
2013 BMW X5,BMW,2013,,Petrol,Unknown,10800.0,USA,craigslist_chicago
1999 Toyota Tacoma Manual 5-Speed 4x4,Toyota,1999,,Petrol,Unknown,21900.0,USA,craigslist_chicago
2013 BMW 328i xDrive,BMW,2013,,Petrol,Unknown,7995.0,USA,craigslist_chicago
2011 Hyundai Santa Fe GLS,Hyundai,2011,,Petrol,Unknown,2900.0,USA,craigslist_chicago
2018 chevrolet silverado 2500HD,Chevrolet,2018,,Petrol,Unknown,31200.0,USA,craigslist_chicago
2016 Mazda 6,Mazda,2016,,Petrol,Unknown,6900.0,USA,craigslist_chicago
2019 Chevy Trax LT,Chevy,2019,,Petrol,Unknown,4250.0,USA,craigslist_chicago
2005 Mercedes  Benz CLK500 Convertible with Low Mikeage,Mercedes,2005,,Petrol,Unknown,11900.0,USA,craigslist_chicago
2019 Acura RDX SH-AWD — Advance Package (Custom),Acura,2019,,Petrol,Unknown,21900.0,USA,craigslist_chicago
2015 Toyota Highlander XLE AWD 3RD ROW.,Toyota,2015,,Petrol,Unknown,15900.0,USA,craigslist_chicago
Mechanics Special 2008 Hyundai Sonata GSL low milage,Hyundai,2008,,Petrol,Unknown,1250.0,USA,craigslist_chicago
2014 Nissan Pathfinder,Nissan,2014,,Petrol,Unknown,8000.0,USA,craigslist_chicago
2016 Honda HRV,Honda,2016,,Petrol,Unknown,19200.0,USA,craigslist_chicago
"""RARE"" 2015 BMW 228I ///M Sport (6 spd, LOADED, ONLY 42k!)",BMW,2015,,Petrol,Unknown,22000.0,USA,craigslist_chicago
2007 BMW X5 (needs coolant fan),BMW,2007,,Petrol,Unknown,1600.0,USA,craigslist_chicago
2019 Ford Explorer Police Interceptor Utility AWD,Ford,2019,,Petrol,Unknown,5500.0,USA,craigslist_chicago
2008 Ford Explorer,Ford,2008,,Petrol,Unknown,5000.0,USA,craigslist_chicago
2005 Honda CRV,Honda,2005,,Petrol,Unknown,3250.0,USA,craigslist_chicago
2018 Ford Escape SE,Ford,2018,,Petrol,Unknown,8500.0,USA,craigslist_chicago
2018 Ford Escape,Ford,2018,,Petrol,Unknown,6500.0,USA,craigslist_chicago
2015 Mistubushi Outlander Sport,2015,2015,,Petrol,Unknown,7000.0,USA,craigslist_chicago
2007 Mazdaspeed6 Sport-Low Miles,2007,2007,,Petrol,Unknown,15900.0,USA,craigslist_chicago
2014 Toyota Corolla LE,Toyota,2014,,Petrol,Unknown,5500.0,USA,craigslist_chicago
SUBARU IMPREZA 2017,Subaru,2017,,Petrol,Unknown,11000.0,USA,craigslist_chicago
2014 Chevrolet Camaro,Chevrolet,2014,,Petrol,Unknown,7000.0,USA,craigslist_chicago
2000 Jeep Cherokee Sport,Jeep,2000,,Petrol,Unknown,3250.0,USA,craigslist_chicago
2014 JEEP WRANGLER SPORT WITH 90K MILES,Jeep,2014,,Petrol,Unknown,13500.0,USA,craigslist_chicago
2013 Nissan Quest Extra Clean!,Nissan,2013,,Petrol,Unknown,6900.0,USA,craigslist_chicago
2015 LEXUS RX 350 - LOOW ORIGINAL MILEAGE  !,Lexus,2015,,Petrol,Unknown,18900.0,USA,craigslist_chicago
2006 Mercedes-Benz SLK-Class Base,2006,2006,,Petrol,Unknown,9900.0,USA,craigslist_chicago
2004 Chevrolet trailblazer,Chevrolet,2004,,Petrol,Unknown,2200.0,USA,craigslist_chicago
Ford escape 2014,Ford,2014,,Petrol,Unknown,4900.0,USA,craigslist_chicago
2016 Ford E450 VAN/ BUS,Ford,2016,,Petrol,Unknown,23500.0,USA,craigslist_chicago
2016 honda oddysey EX,Honda,2016,,Petrol,Unknown,5900.0,USA,craigslist_chicago
2008 Volvo XC70 AWD 3.2 wagon,Volvo,2008,,Petrol,Unknown,4300.0,USA,craigslist_chicago
2013 Chevrolet Impala,Chevrolet,2013,,Petrol,Unknown,3500.0,USA,craigslist_chicago
"2013 Ford Escape 4x4 Panoramic Roof,Leather,Navigation FULLY LOADED",Ford,2013,,Petrol,Unknown,4500.0,USA,craigslist_chicago
1999 Lexus ES300,Lexus,1999,,Petrol,Unknown,2000.0,USA,craigslist_chicago
2015 Corvette Stingray,2015,2015,,Petrol,Unknown,52000.0,USA,craigslist_chicago
2016 Acura TLX 3.5L V6 72.4K Miles |Clean Title| 1 Owner | No Accident,Acura,2016,,Petrol,Unknown,19220.0,USA,craigslist_chicago
2012 Jeep Wrangler Rubicon • AEV Package 4D,Jeep,2012,,Petrol,Unknown,18499.0,USA,craigslist_chicago
2009 BUICK ENCLAVE AWD,Buick,2009,,Petrol,Unknown,4500.0,USA,craigslist_chicago
2001 toyota tundra access cab 4x4,Toyota,2001,,Petrol,Unknown,10500.0,USA,craigslist_chicago
2014 Nissan NV200,Nissan,2014,,Petrol,Unknown,6500.0,USA,craigslist_chicago
"2011 Nissan versa 75,000 miles",Nissan,2011,,Petrol,Unknown,4950.0,USA,craigslist_chicago
Dodge Durango 2004 family suv,Dodge,2004,,Petrol,Unknown,2400.0,USA,craigslist_chicago
2011 Porsche Cayenne Turbo,Porsche,2011,,Petrol,Unknown,15900.0,USA,craigslist_chicago
2012 HONDA ODYSSEY HIGHLY MAINTAINED,Honda,2012,,Petrol,Unknown,7400.0,USA,craigslist_chicago
Nissan Sentra 2017,Nissan,2017,,Petrol,Unknown,7950.0,USA,craigslist_chicago
Honda Civic Hybrid 2014,Honda,2014,,Petrol,Unknown,3900.0,USA,craigslist_chicago
2014 Chevrolet Cruze LT Sedan,Chevrolet,2014,,Petrol,Unknown,5550.0,USA,craigslist_chicago
2014 Nissan Murano,Nissan,2014,,Petrol,Unknown,2250.0,USA,craigslist_chicago
2008 Volvo  XC90,Volvo,2008,,Petrol,Unknown,4500.0,USA,craigslist_chicago
2016 MERCEDES-BENZ E400 DR SDN 4MATIC,2016,2016,,Petrol,Unknown,15800.0,USA,craigslist_chicago
2000 VW Turbo Beetle Manual,VW,2000,,Petrol,Unknown,2000.0,USA,craigslist_chicago
2009 Honda crv awd,Honda,2009,,Petrol,Unknown,4650.0,USA,craigslist_chicago
2012 GMC ACADIA LT,GMC,2012,,Petrol,Unknown,5000.0,USA,craigslist_chicago
2018 Chrysler Pacifica Touring L,Chrysler,2018,,Petrol,Unknown,11500.0,USA,craigslist_chicago
2011 Chryler Town & Country,2011,2011,,Petrol,Unknown,2450.0,USA,craigslist_chicago
2003 BMW Z4 3.0i,BMW,2003,,Petrol,Unknown,6200.0,USA,craigslist_chicago
2015 Nissan Rogue Select AWD,Nissan,2015,,Petrol,Unknown,4950.0,USA,craigslist_chicago
2015 GMC sierra 2500,GMC,2015,,Petrol,Unknown,26000.0,USA,craigslist_chicago
2020 Ford Mustang Shelby GT350,Ford,2020,,Petrol,Unknown,31000.0,USA,craigslist_chicago
2011 HONDA ODDESSY EX-L,Honda,2011,,Petrol,Unknown,6500.0,USA,craigslist_chicago
2011 CHEVY IMPALA,Chevy,2011,,Petrol,Unknown,5000.0,USA,craigslist_chicago
2019 KIA SPORTAGE LT,Kia,2019,,Petrol,Unknown,8500.0,USA,craigslist_chicago
2019 Peterbilt 389 Car Hauler,2019,2019,,Petrol,Unknown,139000.0,USA,craigslist_chicago
2015 Freightliner M2 - 26ft / straight truck,2015,2015,,Petrol,Unknown,15900.0,USA,craigslist_chicago
2016 Mercedes-Benz Sprinter 3500 XD Cargo,2016,2016,,Petrol,Unknown,26000.0,USA,craigslist_chicago
2017 Mercedes Benz cla250 4matic,Mercedes,2017,,Petrol,Unknown,6500.0,USA,craigslist_chicago
2022 FORD F650 BOX TRUCK,Ford,2022,,Petrol,Unknown,23498.0,USA,craigslist_chicago
2017 FORD F250,Ford,2017,,Petrol,Unknown,11498.0,USA,craigslist_chicago
2016 RAM PROMASTER 2500 HIGH ROOF,Ram,2016,,Petrol,Unknown,8998.0,USA,craigslist_chicago
2013 Nissan Altima Coupe 2.5,Nissan,2013,,Petrol,Unknown,6000.0,USA,craigslist_chicago
2014 Dodge Avenger SE V-6,Dodge,2014,,Petrol,Unknown,4800.0,USA,craigslist_chicago
2008 BMW used 2008 bmw x3 3.0si sport utility 4d awd/4wd,BMW,2008,,Petrol,Unknown,8990.0,USA,craigslist_chicago
2000 S10 ZR2 Pickup,2000,2000,,Petrol,Unknown,4000.0,USA,craigslist_chicago
2020 CHEVY SILVERADO 1500 LT,Chevy,2020,,Petrol,Unknown,17900.0,USA,craigslist_chicago
SUV/FAMILY VEHICLE NISSAN ARMADA 2013,Nissan,2013,,Petrol,Unknown,2500.0,USA,craigslist_chicago
2014 Ford Explorer XLT Sport Utility AWD 3rd row seating,Ford,2014,,Petrol,Unknown,4000.0,USA,craigslist_chicago
1998 Porsche Boxter,Porsche,1998,,Petrol,Unknown,14000.0,USA,craigslist_chicago
2012 Toyota Sequoia Platinum 4WD,Toyota,2012,,Petrol,Unknown,13900.0,USA,craigslist_chicago
2004 Buick LeSabre Custom,Buick,2004,,Petrol,Unknown,2500.0,USA,craigslist_chicago
2008 Sebring convertible,2008,2008,,Petrol,Unknown,1900.0,USA,craigslist_chicago
2011 Nissan juke AWD,Nissan,2011,,Petrol,Unknown,2950.0,USA,craigslist_chicago
2014 CADILLAC SRX LUXURY..BACK UP CAM.PANORAMIC SUNROOF..DRIVES PERF,Cadillac,2014,,Petrol,Unknown,5900.0,USA,craigslist_chicago
2018 Kia forte,Kia,2018,,Petrol,Unknown,5500.0,USA,craigslist_chicago
2012 Toyota Camry HYBRID XLE,Toyota,2012,,Petrol,Unknown,3299.0,USA,craigslist_chicago
"2011 Nissan Sentra SR • ONLY 99K Miles, 1 Owner, Clean Title",Nissan,2011,,Petrol,Unknown,3300.0,USA,craigslist_chicago
2002 BMW X5,BMW,2002,,Petrol,Unknown,2500.0,USA,craigslist_chicago
2014 Honda Odyssey,Honda,2014,,Petrol,Unknown,9300.0,USA,craigslist_chicago
2014 honda Odyssey *mechanic special,Honda,2014,,Petrol,Unknown,2600.0,USA,craigslist_chicago
2003 Mercedes Benz S430,Mercedes,2003,,Petrol,Unknown,3500.0,USA,craigslist_chicago
2013 Chevy Cruze LT,Chevy,2013,,Petrol,Unknown,3250.0,USA,craigslist_chicago
2008 Honda Accord,Honda,2008,,Petrol,Unknown,4750.0,USA,craigslist_chicago
2016 Nissan Pathfinder Platinum 4WD – Clean Title!,Nissan,2016,,Petrol,Unknown,3800.0,USA,craigslist_chicago
2011 Chrysler 200 Platinum,Chrysler,2011,,Petrol,Unknown,3500.0,USA,craigslist_chicago
2015 Ford Expedition EL Limited 4x4,Ford,2015,,Petrol,Unknown,7500.0,USA,craigslist_chicago
2016 Dodge Durango R/T V8,Dodge,2016,,Petrol,Unknown,12500.0,USA,craigslist_chicago
2017 GMC ACADIA AWD,GMC,2017,,Petrol,Unknown,7100.0,USA,craigslist_chicago
1 Owner 2013 Hyundai Santa Fae Sport,Hyundai,2013,,Petrol,Unknown,4800.0,USA,craigslist_chicago
2005 HONDA CR-V,Honda,2005,,Petrol,Unknown,2500.0,USA,craigslist_chicago
Honda Odyssey Touring 2013,Honda,2013,,Petrol,Unknown,6300.0,USA,craigslist_chicago
2010 Toyota Camry LE,Toyota,2010,,Petrol,Unknown,4200.0,USA,craigslist_chicago
2011 Nissan Versa Sedan,Nissan,2011,,Petrol,Unknown,4950.0,USA,craigslist_chicago
2003 maxima SE 6 speed manual transmission,2003,2003,,Petrol,Unknown,3500.0,USA,craigslist_chicago
2009 Nissan Altima 3.5 SL V6,Nissan,2009,,Petrol,Unknown,2500.0,USA,craigslist_chicago
SELLING EXCELLENT RUNNING 2002 CAMRY COLD A C $1650 OBO,SELLING,2002,,Petrol,Unknown,1650.0,USA,craigslist_chicago
2012 DODGE RAM 5500 4X4 CREW CAB,Dodge,2012,,Petrol,Unknown,24000.0,USA,craigslist_chicago
2001 Chevrolet Suburban 1500 LT 4x4,Chevrolet,2001,,Petrol,Unknown,4500.0,USA,craigslist_chicago
2012 bmw x drive 35i premium awd mint condition,BMW,2012,,Petrol,Unknown,5400.0,USA,craigslist_chicago
2015 Ford Expedition EL,Ford,2015,,Petrol,Unknown,14500.0,USA,craigslist_chicago
2006 Nissan Murano,Nissan,2006,,Petrol,Unknown,4700.0,USA,craigslist_chicago
"2003 Mercedes-Benz E320 Luxury Sedan 129,908 Miles",2003,2003,,Petrol,Unknown,3577.0,USA,craigslist_chicago
"2013 Audi Q5 Quattro 2.0T Premium Plus — Single Owner, Immaculate",Audi,2013,,Petrol,Unknown,13800.0,USA,craigslist_chicago
2009 NISSAN ROGUE 125k,Nissan,2009,,Petrol,Unknown,2750.0,USA,craigslist_chicago
2011 Nissan Versa SL,Nissan,2011,,Petrol,Unknown,5000.0,USA,craigslist_chicago
2013 Chevrolet Express 2500 EXT WB,Chevrolet,2013,,Petrol,Unknown,5950.0,USA,craigslist_chicago
2006 Chevrolet 3500 Dually Diesel Dump Truck w/ Western Ultramount Plo,Chevrolet,2006,,Petrol,Unknown,26000.0,USA,craigslist_chicago
2022 Dodge Durango AWD,Dodge,2022,,Petrol,Unknown,16661.0,USA,craigslist_chicago
2009 Chevy Impala Lt,Chevy,2009,,Petrol,Unknown,2200.0,USA,craigslist_chicago
"2003 Chevy express 1500 4.3l original mile 65,000 miles 6 CYL",Chevy,2003,,Petrol,Unknown,2800.0,USA,craigslist_chicago
2012 Mercedes c250 sport,Mercedes,2012,,Petrol,Unknown,7800.0,USA,craigslist_chicago
1997 Saab 900SE turbo,1997,1997,,Petrol,Unknown,3600.0,USA,craigslist_chicago
2006 Honda odyssey EX-L w/Navigation Minivan 4D,Honda,2006,,Petrol,Unknown,2930.0,USA,craigslist_chicago
1999 JEEP WRANGLER,Jeep,1999,,Petrol,Unknown,6000.0,USA,craigslist_chicago
2021 gmc sierra 2500 GAS,GMC,2021,,Petrol,Unknown,28900.0,USA,craigslist_chicago
2014 Freightliner Cascadia Custom Sleeper Expediter,2014,2014,,Petrol,Unknown,19999.0,USA,craigslist_chicago
2016 Ford escape,Ford,2016,,Petrol,Unknown,6200.0,USA,craigslist_chicago
2009 Porsche Cayenne Turbo S,Porsche,2009,,Petrol,Unknown,17500.0,USA,craigslist_chicago
"2008 Ford F450 Super Duty 4x4 Plow Truck,Diesel Flatbed 42k miles",Ford,2008,,Petrol,Unknown,13000.0,USA,craigslist_chicago
2006 Subaru Impreza WRX Wagon Limited,Subaru,2006,,Petrol,Unknown,3800.0,USA,craigslist_chicago
2018 BMW X6 3.5i Xdrive,BMW,2018,,Petrol,Unknown,16000.0,USA,craigslist_chicago
For Sale 2019 Peterbilt 579 !!!,For,2019,,Petrol,Unknown,17000.0,USA,craigslist_chicago
2014 GMC Terrain SLE AWD,GMC,2014,,Petrol,Unknown,5899.0,USA,craigslist_chicago
2005 Acura TL • Rust-Free Oregon Car • Clean Title,Acura,2005,,Petrol,Unknown,4500.0,USA,craigslist_chicago
"Sharp 2008 Hyundai Tucson SE 4X4 with 104,000 Miles",Hyundai,2008,,Petrol,Unknown,3500.0,USA,craigslist_chicago
----------------2008-Ford Escape XLT AWD COLD AC----SUNROOF--------,----------------2008-Ford,2008,,Petrol,Unknown,3800.0,USA,craigslist_chicago
LQQK Year 2003 2.0 4Cyl automatic. Miles 125K,LQQK,2003,,Petrol,Unknown,3500.0,USA,craigslist_chicago
2021 Chevrolet Malibu LS,Chevrolet,2021,,Petrol,Unknown,18500.0,USA,craigslist_chicago
2008 BMW 328xi AWD Sedan - Clean Title - 106k Miles - Garaged,BMW,2008,,Petrol,Unknown,6000.0,USA,craigslist_chicago
2017 ACURA RDX with Tec package,Acura,2017,,Petrol,Unknown,16000.0,USA,craigslist_chicago
VW Passat 2014 in very good condition,VW,2014,,Petrol,Unknown,7800.0,USA,craigslist_chicago
2008 RANGE ROVER SPORT HSC,2008,2008,,Petrol,Unknown,3500.0,USA,craigslist_chicago
2019 NISSAN SENTRA SE AUTO BLACK BEAUTY CAMERA ALL PWR AC HEAT RUNS GR,Nissan,2019,,Petrol,Unknown,5995.0,USA,craigslist_chicago
2016 Jeep Wrangler Willys 6MT - 64k Mi - 4” SuperLift/Bilstein - 35s,Jeep,2016,,Petrol,Unknown,17995.0,USA,craigslist_chicago
Ram 1500 Bighorn 2016,Ram,2016,,Petrol,Unknown,11900.0,USA,craigslist_chicago
2007 dodge ram 1500,Dodge,2007,,Petrol,Unknown,4800.0,USA,craigslist_chicago
2002 Mercedes-Benz CLK 55 AMG Cabriolet - Low Miles! Great Shape!,2002,2002,,Petrol,Unknown,14200.0,USA,craigslist_chicago
2011 Tahoe,2011,2011,,Petrol,Unknown,7500.0,USA,craigslist_chicago
Lexus rx350 2009 5-door suv 4x4,Lexus,2009,,Petrol,Unknown,6000.0,USA,craigslist_chicago
Subaru Ascent 2020 in great condition,Subaru,2020,,Petrol,Unknown,24000.0,USA,craigslist_chicago
2005 Infinity QX56,2005,2005,,Petrol,Unknown,6500.0,USA,craigslist_chicago
Ford taurus SES 2003,Ford,2003,,Petrol,Unknown,2950.0,USA,craigslist_chicago
2002 Chevrolet Silverado,Chevrolet,2002,,Petrol,Unknown,3900.0,USA,craigslist_chicago
2015 F250 super duty,2015,2015,,Petrol,Unknown,5000.0,USA,craigslist_chicago
2012 Nissan frontier,Nissan,2012,,Petrol,Unknown,11500.0,USA,craigslist_chicago
2016 Mazda- Low Miles - Clean Interior - Reliable Daily Driver,2016,2016,,Petrol,Unknown,11500.0,USA,craigslist_chicago
2016 Mercedes-Benz GLA,2016,2016,,Petrol,Unknown,9000.0,USA,craigslist_chicago
"1998 Mercedes Benz low mileage, one owner",Mercedes,1998,,Petrol,Unknown,16000.0,USA,craigslist_chicago
2019 Hyundai Kona SE,Hyundai,2019,,Petrol,Unknown,10900.0,USA,craigslist_chicago
GMC 2013 Acadia Denali,GMC,2013,,Petrol,Unknown,4999.0,USA,craigslist_chicago
2006 Lexus Es330,Lexus,2006,,Petrol,Unknown,6500.0,USA,craigslist_chicago
TOYOTA CAMRY 2016 SE!,Toyota,2016,,Petrol,Unknown,5900.0,USA,craigslist_chicago
2008 F350 Super Duty XL 4x4,2008,2008,,Petrol,Unknown,12000.0,USA,craigslist_chicago
2020 Ford F350 Super Duty King Ranch 7.3 Gas liter engine,Ford,2020,,Petrol,Unknown,63500.0,USA,craigslist_chicago
2006 Chevy 2500 4x4 V8,Chevy,2006,,Petrol,Unknown,4000.0,USA,craigslist_chicago
2003 Ford F250 XLT 4x4 Super Duty,Ford,2003,,Petrol,Unknown,5000.0,USA,craigslist_chicago
Drives Anywhere! 2008 Ford Escape XLT AWD Cold AC SAT Radio,Ford,2008,,Petrol,Unknown,3800.0,USA,craigslist_chicago
READ-2005 Honda Pilot AWD Third Row Sunroof No Service Lights,Honda,2005,,Petrol,Unknown,3800.0,USA,craigslist_chicago
Hyundai Venue 2021,Hyundai,2021,,Petrol,Unknown,19000.0,USA,craigslist_chicago
2014 Volkswagen Passat,Volkswagen,2014,,Petrol,Unknown,4400.0,USA,craigslist_chicago
2007 Volvo Semi Truck – Fleet Maintained,Volvo,2007,,Petrol,Unknown,4999.0,USA,craigslist_chicago
Step Deck 53ft with ramps Chaparral Doonan Full Aluminum 2014,Step,2014,,Petrol,Unknown,24000.0,USA,craigslist_chicago
2014 White Ford Escape 4WD passed emissions,Ford,2014,,Petrol,Unknown,2700.0,USA,craigslist_chicago
2015 subaru outback,Subaru,2015,,Petrol,Unknown,5700.0,USA,craigslist_chicago
1990 Miata - Like New,1990,1990,,Petrol,Unknown,16400.0,USA,craigslist_chicago
2010 BMW 535i,BMW,2010,,Petrol,Unknown,7500.0,USA,craigslist_chicago
"1990 Cadillac sedan Deville 24,000 original miles",Cadillac,1990,,Petrol,Unknown,14000.0,USA,craigslist_chicago
2015 Subaru Outback Limited 2.5,Subaru,2015,,Petrol,Unknown,9000.0,USA,craigslist_chicago
1997 Mercedes-Benz sl-class SL 320 Roadster 2D r129,1997,1997,,Petrol,Unknown,8500.0,USA,craigslist_chicago
1990 Corvette for sale,1990,1990,,Petrol,Unknown,14500.0,USA,craigslist_chicago
2014 CHEVY CORVETTE CONVERTIBLE,Chevy,2014,,Petrol,Unknown,26500.0,USA,craigslist_chicago
2009 Nissan Altima,Nissan,2009,,Petrol,Unknown,3350.0,USA,craigslist_chicago
HONDA CIVIC SEDAN  LX  2012,Honda,2012,,Petrol,Unknown,9000.0,USA,craigslist_chicago
KIA SOUL 2014 SPECIAL EDITION 4CYL GAS SAVER,Kia,2014,,Petrol,Unknown,2850.0,USA,craigslist_chicago
2018 Ford Transit Cargo Low Roof LWB Clean title,Ford,2018,,Petrol,Unknown,14000.0,USA,craigslist_chicago
2023 Mercedes Sprinter Camper- Fully Loaded!,Mercedes,2023,,Petrol,Unknown,189970.0,USA,craigslist_chicago
2006 Mercury Marinier,2006,2006,,Petrol,Unknown,2100.0,USA,craigslist_chicago
2019 Chevy Equinox,Chevy,2019,,Petrol,Unknown,18000.0,USA,craigslist_chicago
2015 Chevy van,Chevy,2015,,Petrol,Unknown,4999.0,USA,craigslist_chicago
2014 gmc terrain Denali,GMC,2014,,Petrol,Unknown,5700.0,USA,craigslist_chicago
2017 Jeep Wrangler Rubicon - Recon Edition,Jeep,2017,,Petrol,Unknown,21900.0,USA,craigslist_chicago
2023 Chevrolet Tahoe - Warranty Until 100k Miles - *Clean Title*,Chevrolet,2023,,Petrol,Unknown,28000.0,USA,craigslist_chicago
2019 Lincoln MKC,Lincoln,2019,,Petrol,Unknown,14000.0,USA,craigslist_chicago
2014 Honda accord,Honda,2014,,Petrol,Unknown,6500.0,USA,craigslist_chicago
2011 Mitsubishi out lander sport,Mitsubishi,2011,,Petrol,Unknown,2500.0,USA,craigslist_chicago
2017 Volkswagen Tiguan,Volkswagen,2017,,Petrol,Unknown,8200.0,USA,craigslist_chicago
2002 bmw 330i,BMW,2002,,Petrol,Unknown,3500.0,USA,craigslist_chicago
2008 Silverado 1500 4x4 5.3L,2008,2008,,Petrol,Unknown,3900.0,USA,craigslist_chicago
2006 Mercedes Benz S500,Mercedes,2006,,Petrol,Unknown,5800.0,USA,craigslist_chicago
"Toyota venza 2009, clean title",Toyota,2009,,Petrol,Unknown,9800.0,USA,craigslist_chicago
2008 Dodge Ram 1500 BIG HORN,Dodge,2008,,Petrol,Unknown,6000.0,USA,craigslist_chicago
2010 Toyota Camry 2.5,Toyota,2010,,Petrol,Unknown,9000.0,USA,craigslist_chicago
2017 Ford Escape Titanium,Ford,2017,,Petrol,Unknown,12000.0,USA,craigslist_chicago
2010 volkswagen jetta 3700 obo,Volkswagen,2010,,Petrol,Unknown,3700.0,USA,craigslist_chicago
2003 Ford Thunderbird Convertible,Ford,2003,,Petrol,Unknown,14600.0,USA,craigslist_chicago
"2005 Volkswagon toureg v6 4wd 155,300",2005,2005,,Petrol,Unknown,2000.0,USA,craigslist_chicago
2019 Mitsubishi Mirage,Mitsubishi,2019,,Petrol,Unknown,7000.0,USA,craigslist_dallas
2018 Nissan Marano S,Nissan,2018,,Petrol,Unknown,10800.0,USA,craigslist_dallas
2007 Jeep Wrangler,Jeep,2007,,Petrol,Unknown,10300.0,USA,craigslist_dallas
2017 Mitsubishi Mirage G-4,Mitsubishi,2017,,Petrol,Unknown,4200.0,USA,craigslist_dallas
2013 Kia Soul,Kia,2013,,Petrol,Unknown,3200.0,USA,craigslist_dallas
2015 Dodge Caravan SE,Dodge,2015,,Petrol,Unknown,3200.0,USA,craigslist_dallas
2013 Chevy Impala,Chevy,2013,,Petrol,Unknown,3200.0,USA,craigslist_dallas
1994 C1500 Chevrolet 4.3l V6,Chevrolet,1994,,Petrol,Unknown,15000.0,USA,craigslist_dallas
2017 Ford Fusion - 79K miles Only,Ford,2017,,Petrol,Unknown,7299.0,USA,craigslist_dallas
2013 Kia Soul Plus,Kia,2013,,Petrol,Unknown,3550.0,USA,craigslist_dallas
2014 Ford F-150 XLT 4x4 SuperCrew,Ford,2014,,Petrol,Unknown,10000.0,USA,craigslist_dallas
2020 Freightliner M2,2020,2020,,Petrol,Unknown,82000.0,USA,craigslist_dallas
2006 Hummer H2,2006,2006,,Petrol,Unknown,8900.0,USA,craigslist_dallas
2009 Dodge Charger SXT,Dodge,2009,,Petrol,Unknown,4200.0,USA,craigslist_dallas
2005 Toyota prius wrecked good hybrid battery and 12 volt battery,Toyota,2005,,Petrol,Unknown,500.0,USA,craigslist_dallas
2016 Jeep Renegade TRAILHAWK 4x4…Clean Title,Jeep,2016,,Petrol,Unknown,8900.0,USA,craigslist_dallas
2014 Suburban LTZ,2014,2014,,Petrol,Unknown,6000.0,USA,craigslist_dallas
2015 BMW 428I Coupe RWD Clean carfax 100k miles sunroof,BMW,2015,,Petrol,Unknown,9995.0,USA,craigslist_dallas
2021 Kia Forte LXS 47k Low Miles Excellent Condition,Kia,2021,,Petrol,Unknown,13000.0,USA,craigslist_dallas
2013 FRGHTLINER CASCADIA WITH NEW ENGINE FOR SALE,2013,2013,,Petrol,Unknown,24000.0,USA,craigslist_dallas
2015 Chevrolet Equinox…Clean Title,Chevrolet,2015,,Petrol,Unknown,4500.0,USA,craigslist_dallas
2013 Hyundai Elantra GLS,Hyundai,2013,,Petrol,Unknown,5500.0,USA,craigslist_dallas
2000 F650 HOT SHOT SLEEPER rig with available trailers,2000,2000,,Petrol,Unknown,9650.0,USA,craigslist_dallas
2020 Ram Promaster 3500 high roof extended cargo van,Ram,2020,,Petrol,Unknown,17500.0,USA,craigslist_dallas
1993 ford Eco liner e150,Ford,1993,,Petrol,Unknown,4200.0,USA,craigslist_dallas
2011 BMW 328I XDRIVE CLEAN TX TITLE NEW STATE INSPECTION DAILY DRIVER,BMW,2011,,Petrol,Unknown,3000.0,USA,craigslist_dallas
"2011 Audi Q5 – Luxury, Performance & All-Wheel Drive!",Audi,2011,,Petrol,Unknown,6500.0,USA,craigslist_dallas
2005 Nissan Armada,Nissan,2005,,Petrol,Unknown,2500.0,USA,craigslist_dallas
2011 Mazda2 Sport - 5-Speed Manual - Fun & Reliable Commuter,2011,2011,,Petrol,Unknown,2000.0,USA,craigslist_dallas
"2014 Buick Enclave Premium $4,850",Buick,2014,,Petrol,Unknown,4850.0,USA,craigslist_dallas
2013 CHEVY CRUZE LT,Chevy,2013,,Petrol,Unknown,3500.0,USA,craigslist_dallas
2014 Kia Soul Wagon S,Kia,2014,,Petrol,Unknown,5900.0,USA,craigslist_dallas
2017 TOYOTA COROLLA XLE,Toyota,2017,,Petrol,Unknown,15000.0,USA,craigslist_dallas
2019 Ram 1500 Classic Tradesman Crew Cab 4X4 HEMI 5.7L V8 28k miles,Ram,2019,,Petrol,Unknown,26500.0,USA,craigslist_dallas
2016 TOYOTA CAMRY  ! ONLY 98K MILES !RUNS GREAT!!,Toyota,2016,,Petrol,Unknown,10990.0,USA,craigslist_dallas
2016 HONDA ACCORD,Honda,2016,,Petrol,Unknown,8999.0,USA,craigslist_dallas
2015 Toyota Highlander XLE,Toyota,2015,,Petrol,Unknown,11900.0,USA,craigslist_dallas
2013 Hyundai Accent,Hyundai,2013,,Petrol,Unknown,5500.0,USA,craigslist_dallas
"2017 Jeep Compass 4 cylinder 30 MPG 130,000 Miles",Jeep,2017,,Petrol,Unknown,3800.0,USA,craigslist_dallas
"2019 Ford F-150 3.5 Eco-Boost FX4 King Cab Lifted 80,000 Miles",Ford,2019,,Petrol,Unknown,19000.0,USA,craigslist_dallas
2003 Sequoia 4x4 LOW MILES! Runs Like New!,2003,2003,,Petrol,Unknown,8500.0,USA,craigslist_dallas
2024 Mitsubishi Mirage G4,Mitsubishi,2024,,Petrol,Unknown,11000.0,USA,craigslist_dallas
2019 chevy silverado 2500hd,Chevy,2019,,Petrol,Unknown,19900.0,USA,craigslist_dallas
2017 ford f250 4x4 diesel,Ford,2017,,Petrol,Unknown,29500.0,USA,craigslist_dallas
2018 ram 2500 4x4 diesel,Ram,2018,,Petrol,Unknown,23500.0,USA,craigslist_dallas
2009 LEXUS ES350,Lexus,2009,,Petrol,Unknown,4600.0,USA,craigslist_dallas
2018 gmc sierra 2500hd,GMC,2018,,Petrol,Unknown,24900.0,USA,craigslist_dallas
2015 ford f350 4x4  xlt,Ford,2015,,Petrol,Unknown,19900.0,USA,craigslist_dallas
2021 KIA FORTE LXS,Kia,2021,,Petrol,Unknown,8900.0,USA,craigslist_dallas
2000 Sterling L9500 Tri/A Dumptruck,2000,2000,,Petrol,Unknown,14000.0,USA,craigslist_dallas
2009 Honda CRV reliable daily driver,Honda,2009,,Petrol,Unknown,4500.0,USA,craigslist_dallas
2007 BMW 335i,BMW,2007,,Petrol,Unknown,4600.0,USA,craigslist_dallas
2013 Acura Rdx…Great Condition…Clean Title,Acura,2013,,Petrol,Unknown,6900.0,USA,craigslist_dallas
2013 Hyundai Genesis,Hyundai,2013,,Petrol,Unknown,2500.0,USA,craigslist_dallas
Black 2010 Ford F-150 Lariat 4WD,Ford,2010,,Petrol,Unknown,9300.0,USA,craigslist_dallas
2013 ford e250 Econoline cargo van,Ford,2013,,Petrol,Unknown,2500.0,USA,craigslist_dallas
2015 Nissan Altima,Nissan,2015,,Petrol,Unknown,3800.0,USA,craigslist_dallas
2011 Nissan Altima,Nissan,2011,,Petrol,Unknown,3400.0,USA,craigslist_dallas
$2100 SOLD SOLD SOLD!!2011 Jetta cash car title in hand!,$2100,2011,,Petrol,Unknown,2100.0,USA,craigslist_dallas
2013 Volkswagen Passat,Volkswagen,2013,,Petrol,Unknown,3500.0,USA,craigslist_dallas
2010 Cadillac SRX,Cadillac,2010,,Petrol,Unknown,3800.0,USA,craigslist_dallas
2005 volvo xc90,Volvo,2005,,Petrol,Unknown,2500.0,USA,craigslist_dallas
Toyota Tundra 2014,Toyota,2014,,Petrol,Unknown,9800.0,USA,craigslist_dallas
2006 Toyota Tacoma TRD Pre-Runner,Toyota,2006,,Petrol,Unknown,9800.0,USA,craigslist_dallas
2008 Acura Mdx power EVERYTHING SUPER COLD A/C Dependable,Acura,2008,,Petrol,Unknown,4750.0,USA,craigslist_dallas
2016 INFINITE Q50 AUTOMATIC CLEAN TITLE,2016,2016,,Petrol,Unknown,6500.0,USA,craigslist_dallas
2010 TOYOTA SIENNA LE,Toyota,2010,,Petrol,Unknown,4900.0,USA,craigslist_dallas
2015 Ford F-150XL,Ford,2015,,Petrol,Unknown,10450.0,USA,craigslist_dallas
Subaru Forester XT (2009–2013) (In search of/ want to buy),Subaru,2009,,Petrol,Unknown,3500.0,USA,craigslist_dallas
2011 Chevrolet Silverado 1500 Crew Cab 102k miles,Chevrolet,2011,,Petrol,Unknown,8500.0,USA,craigslist_dallas
2003 GMC Sierra 2500HD SLT Duramax 6.6 LB7 Extended Cab Short Bed,GMC,2003,,Petrol,Unknown,9900.0,USA,craigslist_dallas
2023 Hyundai Santa Fe SEL Premium Private seller,Hyundai,2023,,Petrol,Unknown,25750.0,USA,craigslist_dallas
2012 Dodge Ram Crew Cab 4x4,Dodge,2012,,Petrol,Unknown,7850.0,USA,craigslist_dallas
"🚐 2008 Honda Odyssey - Clean Title
Runs & drives. Engine smokes. Cold A/C. Cl",Honda,2008,,Petrol,Unknown,1700.0,USA,craigslist_dallas
2017 Nissan Pathfinder SV,Nissan,2017,,Petrol,Unknown,5499.0,USA,craigslist_dallas
1993 Chevrolet Silverado 1500 V8 350,Chevrolet,1993,,Petrol,Unknown,8150.0,USA,craigslist_dallas
1994 gmc sierra 1500  extended cab stepside,GMC,1994,,Petrol,Unknown,5250.0,USA,craigslist_dallas
2008 BMW 328i,BMW,2008,,Petrol,Unknown,4500.0,USA,craigslist_dallas
Pristine 2009 Toyota Camry Hybrid XLE loaded no accid Low miles,Toyota,2009,,Petrol,Unknown,6875.0,USA,craigslist_dallas
2013 Honda Pilot EXL,Honda,2013,,Petrol,Unknown,5900.0,USA,craigslist_dallas
2003 Ford F150,Ford,2003,,Petrol,Unknown,3900.0,USA,craigslist_dallas
2014 Chevy Traverse Lt Super Clean 3rd row seating,Chevy,2014,,Petrol,Unknown,4500.0,USA,craigslist_dallas
MECHANIC SPECIAL 2014 NISSAN MAXIMA 133K MILES NEEDS HUB ASSEMBLY,Nissan,2014,,Petrol,Unknown,2500.0,USA,craigslist_dallas
JEEP 2015 CHEROKEE**FIRST OWNER**NO ACCIDENT**,Jeep,2015,,Petrol,Unknown,7999.0,USA,craigslist_dallas
2016 Blue Jeep Wrangler,Jeep,2016,,Petrol,Unknown,12500.0,USA,craigslist_dallas
2014 Ford Focus SE,Ford,2014,,Petrol,Unknown,3100.0,USA,craigslist_dallas
2003 Ford F-150,Ford,2003,,Petrol,Unknown,3999.0,USA,craigslist_dallas
2014 Ford Expedition King Ranch,Ford,2014,,Petrol,Unknown,5750.0,USA,craigslist_dallas
2013 Ford Expedition Limited,Ford,2013,,Petrol,Unknown,5950.0,USA,craigslist_dallas
2004 Buick LeSabre,Buick,2004,,Petrol,Unknown,4200.0,USA,craigslist_dallas
2005 Ford F-150 For Sale (Good work truck),Ford,2005,,Petrol,Unknown,2500.0,USA,craigslist_dallas
2011 Dodge Ram 2500 SLT 4X4,Dodge,2011,,Petrol,Unknown,16000.0,USA,craigslist_dallas
2013 Chevrolet Malibu Limited,Chevrolet,2013,,Petrol,Unknown,1450.0,USA,craigslist_dallas
2016 Dodge Journey Crossroad,Dodge,2016,,Petrol,Unknown,4500.0,USA,craigslist_dallas
2010 Dodge Charger,Dodge,2010,,Petrol,Unknown,4500.0,USA,craigslist_dallas
2008 Dodge Durango,Dodge,2008,,Petrol,Unknown,3250.0,USA,craigslist_dallas
2013 Hyundai Genesis,Hyundai,2013,,Petrol,Unknown,2500.0,USA,craigslist_dallas
2002 Chevrolet Tahoe Z71,Chevrolet,2002,,Petrol,Unknown,3500.0,USA,craigslist_dallas
2001 Pontiac Bonneville,2001,2001,,Petrol,Unknown,2000.0,USA,craigslist_dallas
2016 RAM 2500 LARAMIE LONGHORN MEGA CAB,Ram,2016,,Petrol,Unknown,32999.0,USA,craigslist_dallas
2011 CHEVROLET SILVERADO 2500 HD,Chevrolet,2011,,Petrol,Unknown,35999.0,USA,craigslist_dallas
2005 Mercedes Benz E500,Mercedes,2005,,Petrol,Unknown,3500.0,USA,craigslist_dallas
2022 Chevrolet Silverado,Chevrolet,2022,,Petrol,Unknown,24000.0,USA,craigslist_dallas
2006 Chevrolet Silverado Z71,Chevrolet,2006,,Petrol,Unknown,8000.0,USA,craigslist_dallas
2004 Chevrolet Silverado LT,Chevrolet,2004,,Petrol,Unknown,11800.0,USA,craigslist_dallas
2006 GMC Sierra SLE,GMC,2006,,Petrol,Unknown,16500.0,USA,craigslist_dallas
2000 jaguar s type,2000,2000,,Petrol,Unknown,3600.0,USA,craigslist_dallas
2016 Hyundai Sonata,Hyundai,2016,,Petrol,Unknown,2800.0,USA,craigslist_dallas
2012 Buick Enclave – Clean Texas Title – 96k Miles,Buick,2012,,Petrol,Unknown,4999.0,USA,craigslist_dallas
2014 FORD F-150 XLT 4X4 _ 68000miles,Ford,2014,,Petrol,Unknown,14999.0,USA,craigslist_dallas
2013 chevy captiva,Chevy,2013,,Petrol,Unknown,2299.0,USA,craigslist_dallas
2012 FORD FUSION SPECIAL EDITION _V6,Ford,2012,,Petrol,Unknown,3750.0,USA,craigslist_dallas
2004 Mustang Gt,2004,2004,,Petrol,Unknown,15000.0,USA,craigslist_dallas
2017 Nissan Altima SV…No Issues…Clean Title,Nissan,2017,,Petrol,Unknown,4950.0,USA,craigslist_dallas
2008 Toyota FJ Cruiser 4X4 Texas truck - Clean carfax,Toyota,2008,,Petrol,Unknown,13100.0,USA,craigslist_dallas
2008 Lexus rx 400,Lexus,2008,,Petrol,Unknown,2700.0,USA,craigslist_dallas
2014 Mercedes Benz CLA 250 4MATIC Sedan AMG - 67k miles- Clean carfax,Mercedes,2014,,Petrol,Unknown,13250.0,USA,craigslist_dallas
2014 Toyota Camry SE Sedan with 95k miles. Clean title,Toyota,2014,,Petrol,Unknown,11600.0,USA,craigslist_dallas
2011 Chevrolet Avalanche Lt 4x4…Clean Carfax,Chevrolet,2011,,Petrol,Unknown,7900.0,USA,craigslist_dallas
1997 Ford F-250 HD XLT Supercab Powerstroke 4x4 LOW MILES RARE!!,Ford,1997,,Petrol,Unknown,25000.0,USA,craigslist_dallas
2014 Hyundai Accent GS Hatchback 4D,Hyundai,2014,,Petrol,Unknown,4999.0,USA,craigslist_dallas
"2006 Toyota Camry SE 4-cylinder automatic 125,000 miles",Toyota,2006,,Petrol,Unknown,5800.0,USA,craigslist_dallas
"2015 Ford F-150 Crew Cab, Platinum",Ford,2015,,Petrol,Unknown,22900.0,USA,craigslist_dallas
2021 Cheverolet Express 2500 ONE OWNER 12 Passenger van,2021,2021,,Petrol,Unknown,26500.0,USA,craigslist_dallas
2011 F-150 Raptor SVT,2011,2011,,Petrol,Unknown,22000.0,USA,craigslist_dallas
2016 Volvo S60 T5 Inscription,Volvo,2016,,Petrol,Unknown,8000.0,USA,craigslist_dallas
"2016 Volkswagen Jetta Sport, CLEAN TEXAS TITLE/CASH",Volkswagen,2016,,Petrol,Unknown,6900.0,USA,craigslist_dallas
2021 TOYOTA COROLLA LE,Toyota,2021,,Petrol,Unknown,12900.0,USA,craigslist_dallas
2000 Honda Accord One Owner All Original Amazing Survivor Clean Title,Honda,2000,,Petrol,Unknown,2748.0,USA,craigslist_dallas
2011 Subaru Legacy 2.5I Premium - Manual Transmission - Clean Title,Subaru,2011,,Petrol,Unknown,6198.0,USA,craigslist_dallas
2017 Freightliner m2,2017,2017,,Petrol,Unknown,26000.0,USA,craigslist_dallas
2015 nissan rouge,Nissan,2015,,Petrol,Unknown,5500.0,USA,craigslist_dallas
2016 Nissan rogue,Nissan,2016,,Petrol,Unknown,3995.0,USA,craigslist_dallas
2009 BMW 5 Series · 528i Sedan 4D,BMW,2009,,Petrol,Unknown,2900.0,USA,craigslist_dallas
2007 BMW X3 - Well Maintained - Runs Well - M Sport Package,BMW,2007,,Petrol,Unknown,4900.0,USA,craigslist_dallas
"**2025 CHEVY TAHOE LT,—EXCELLENT CONDITION—CLEAN TITLE**",Chevy,2025,,Petrol,Unknown,47500.0,USA,craigslist_dallas
2013 GMC Sierra 1500 Work Truc,GMC,2013,,Petrol,Unknown,3900.0,USA,craigslist_dallas
"2012 Audi A5, 118K Miles.",Audi,2012,,Petrol,Unknown,5999.0,USA,craigslist_dallas
2005 Dodge Ram 3500 Dually - 5.9L Cummins Diesel  Work Ready (No Rust),Dodge,2005,,Petrol,Unknown,6500.0,USA,craigslist_dallas
1997 Honda CR-V,Honda,1997,,Petrol,Unknown,2800.0,USA,craigslist_dallas
2010 Mercedes C350,Mercedes,2010,,Petrol,Unknown,3900.0,USA,craigslist_dallas
**2013 MERCEDES BENZ G63 AMG PACKAGE RED INTERIOR- DEALER MAINTAINED**,Mercedes,2013,,Petrol,Unknown,41500.0,USA,craigslist_dallas
2005 LS2 6.0 GTO,2005,2005,,Petrol,Unknown,25000.0,USA,craigslist_dallas
2009 Nissan Altima - Mechanic Special,Nissan,2009,,Petrol,Unknown,3000.0,USA,craigslist_dallas
🚗 FOR SALE: 2016 BMW X3 – Clean Title – White 🚗,BMW,2016,,Petrol,Unknown,8900.0,USA,craigslist_dallas
**2023 CADILLAC ESCALADE ESV LUXURY PACKAGE—1 OWNER-FULLY LOADED**,Cadillac,2023,,Petrol,Unknown,47500.0,USA,craigslist_dallas
2006 Nissan Sentra 1.8s low miles,Nissan,2006,,Petrol,Unknown,2800.0,USA,craigslist_dallas
2003 Mercedes E320,Mercedes,2003,,Petrol,Unknown,3250.0,USA,craigslist_dallas
2002 Ford Thunderbird Deluxe,Ford,2002,,Petrol,Unknown,10850.0,USA,craigslist_dallas
2012 Jeep Liberty Latitude,Jeep,2012,,Petrol,Unknown,7450.0,USA,craigslist_dallas
2002 Chevy Avalanche (runs and drives great),Chevy,2002,,Petrol,Unknown,3800.0,USA,craigslist_dallas
2016 Audi Q5 3.0T Quattro,Audi,2016,,Petrol,Unknown,12950.0,USA,craigslist_dallas
2017 Dodge Grand Caravan SXT,Dodge,2017,,Petrol,Unknown,7500.0,USA,craigslist_dallas
2013 Hyundai Veloster,Hyundai,2013,,Petrol,Unknown,5950.0,USA,craigslist_dallas
2010 Kia Forte,Kia,2010,,Petrol,Unknown,2000.0,USA,craigslist_dallas
2004 Ford F-350 4x4 Crew Cab Diesel - 164K Low Miles - Fresh $5K HPOP,Ford,2004,,Petrol,Unknown,9000.0,USA,craigslist_dallas
2003 Toyota Highlander,Toyota,2003,,Petrol,Unknown,2000.0,USA,craigslist_dallas
**2026 CHEVY TAHOE Z71–MINT CONDITION-CLEAN TITLE**,Chevy,2026,,Petrol,Unknown,51900.0,USA,craigslist_dallas
2004 mercury monterey van,2004,2004,,Petrol,Unknown,3000.0,USA,craigslist_dallas
"2005 Chevrolet Impala LS – Clean Title – 142,627 Miles",Chevrolet,2005,,Petrol,Unknown,4000.0,USA,craigslist_dallas
2015 Acura RDX,Acura,2015,,Petrol,Unknown,6500.0,USA,craigslist_dallas
2013 F350 cab and chassis,2013,2013,,Petrol,Unknown,12345.0,USA,craigslist_dallas
2004 F150 147k Miles,2004,2004,,Petrol,Unknown,5900.0,USA,craigslist_dallas
GREAT CASH CAR 2013 dodge Avenger NO ISSUES TITLE IN HAND! Drives new,Dodge,2013,,Petrol,Unknown,4350.0,USA,craigslist_dallas
2023 Chevrolet silverado 1500 rst z71 4wd,Chevrolet,2023,,Petrol,Unknown,46400.0,USA,craigslist_dallas
2014 Chevy Traverse Lt SUPER CLEAN 3rd Roll seating,Chevy,2014,,Petrol,Unknown,4500.0,USA,craigslist_dallas
2007 TOYOTA RAV4 2 WD,Toyota,2007,,Petrol,Unknown,5900.0,USA,craigslist_dallas
MECHANICS SPECIAL 2014 NISSAN MAXIMA 133k MILES NEED HUB BEARING,Nissan,2014,,Petrol,Unknown,2600.0,USA,craigslist_dallas
Reliable 2010 Honda accord,Honda,2010,,Petrol,Unknown,3600.0,USA,craigslist_dallas
2015 Ford Expedition XLT   SUV,Ford,2015,,Petrol,Unknown,8000.0,USA,craigslist_dallas
2013 Acura RDX 1 Owner Low Miles Excellent Condition Clean Title!!!!!!,Acura,2013,,Petrol,Unknown,8500.0,USA,craigslist_dallas
2013 Mercedes C250 1 Owner No Accidents ONLY 77k miles Clean Title Garage Kept B,Mercedes,2013,,Petrol,Unknown,8700.0,USA,craigslist_dallas
"2006 Mitsubishi Raider Durocross V8, 130k",Mitsubishi,2006,,Petrol,Unknown,4900.0,USA,craigslist_dallas
"2015 MERCEDES BENZ GLA250, 121K, NO ACCIDENT, CLEAN-T, EXCELLENT",Mercedes,2015,,Petrol,Unknown,8200.0,USA,craigslist_dallas
2016 Nissan Titan XD SL 4x4 Crew Cab V8 Diesel Cummins Low Miles Excellent,Nissan,2016,,Petrol,Unknown,19500.0,USA,craigslist_dallas
"2018 GMC Yukon Denali 2WD- 1 Owner, Excellent maintenance, New Tires",GMC,2018,,Petrol,Unknown,19800.0,USA,craigslist_dallas
1998 Chevy Water Truck,Chevy,1998,,Petrol,Unknown,37500.0,USA,craigslist_dallas
2010 Buick LaCrosse · CXS Sedan 4D Mechanic Special,Buick,2010,,Petrol,Unknown,2300.0,USA,craigslist_dallas
2020 cadillac xt6 sport,Cadillac,2020,,Petrol,Unknown,18900.0,USA,craigslist_dallas
2021 gmc sierra 2500 hd,GMC,2021,,Petrol,Unknown,24900.0,USA,craigslist_dallas
2016 CHEVROLET MALIBU,Chevrolet,2016,,Petrol,Unknown,5999.0,USA,craigslist_dallas
2018 GMC ACADIA SLT (75k Milage),GMC,2018,,Petrol,Unknown,12999.0,USA,craigslist_dallas
2003 FORD F250,Ford,2003,,Petrol,Unknown,50000.0,USA,craigslist_dallas
2013 Honda CBR500r,Honda,2013,,Petrol,Unknown,5500.0,USA,craigslist_dallas
2014 BMW 335i Clean title,BMW,2014,,Petrol,Unknown,16800.0,USA,craigslist_dallas
Dodge durango 2015 sxt,Dodge,2015,,Petrol,Unknown,8500.0,USA,craigslist_dallas
2010 Toyota Prius  Hybrid nice/low mileage/50mpg,Toyota,2010,,Petrol,Unknown,4900.0,USA,craigslist_dallas
Sale This Weekend! 2003 Yukon Clean Title Needs Transmission,Sale,2003,,Petrol,Unknown,1000.0,USA,craigslist_dallas
33k mile 2005 Chevy Silverado 2500hd 4x4 manual,Chevy,2005,,Petrol,Unknown,56000.0,USA,craigslist_dallas
2009 Pontiac G8 GT bone stock/original,2009,2009,,Petrol,Unknown,15500.0,USA,craigslist_dallas
2018 Audi Q5 2.0t,Audi,2018,,Petrol,Unknown,9500.0,USA,craigslist_dallas
2017 CHEVROLET TRAX DRIVE AMAZING,Chevrolet,2017,,Petrol,Unknown,5950.0,USA,craigslist_dallas
2012 Honda Pilot ex,Honda,2012,,Petrol,Unknown,5600.0,USA,craigslist_dallas
1992 Honda Acty Kei truck,Honda,1992,,Petrol,Unknown,7500.0,USA,craigslist_dallas
2013 Mercedes Benz C250 Sport Clean Title 75K Miles,Mercedes,2013,,Petrol,Unknown,9250.0,USA,craigslist_dallas
2014 Lexus IS250 F Sport Leather Low Miles,Lexus,2014,,Petrol,Unknown,20900.0,USA,craigslist_dallas
2013 BMW 328xi  AWD Low Mileage Recent Service,BMW,2013,,Petrol,Unknown,6500.0,USA,craigslist_dallas
2010 Chrysler Town & Country,Chrysler,2010,,Petrol,Unknown,2800.0,USA,craigslist_dallas
2013 Chrysler Town & Country – Reliable Family Van,Chrysler,2013,,Petrol,Unknown,4200.0,USA,craigslist_dallas
2013 Nissan Altima 2.5S For Sale,Nissan,2013,,Petrol,Unknown,6200.0,USA,craigslist_dallas
"2012 CHEVY TAHOE POLICE PACKAGE, SELL PART TRADES OK! FLAWless",Chevy,2012,,Petrol,Unknown,7900.0,USA,craigslist_dallas
2013 Dodge Challenger R/T 5.7L HEMI V8,Dodge,2013,,Petrol,Unknown,7500.0,USA,craigslist_dallas
2009 Ford Focus,Ford,2009,,Petrol,Unknown,2650.0,USA,craigslist_dallas
2005 Dodge Ram Daytona #728 Hemi Magnum 140k,Dodge,2005,,Petrol,Unknown,9500.0,USA,craigslist_dallas
2012 Ford F150,Ford,2012,,Petrol,Unknown,6200.0,USA,craigslist_dallas
2013 Chrysler 200 Tooting in good condition with clean title,Chrysler,2013,,Petrol,Unknown,4400.0,USA,craigslist_dallas
2021 Nissan Rogue Sport S 124K miles clean title (black),Nissan,2021,,Petrol,Unknown,12950.0,USA,craigslist_dallas
"2014 FORD ESCAPE SE, NO ACCIDENT, CELAN-T, EXCELLENT",Ford,2014,,Petrol,Unknown,5300.0,USA,craigslist_dallas
Reliable 2010 Honda accord,Honda,2010,,Petrol,Unknown,3600.0,USA,craigslist_dallas
1992 Mercedes-Benz 190e,1992,1992,,Petrol,Unknown,8000.0,USA,craigslist_dallas
2012 chevy tahoe LTZ,Chevy,2012,,Petrol,Unknown,6200.0,USA,craigslist_dallas
NISSAN TITÁN 2018 XD endurance,Nissan,2018,,Petrol,Unknown,8750.0,USA,craigslist_dallas
Caravan. 2018,Caravan.,2018,,Petrol,Unknown,7800.0,USA,craigslist_dallas
2011 Kia Soul,Kia,2011,,Petrol,Unknown,4500.0,USA,craigslist_dallas
Dodge dakota  1999,Dodge,1999,,Petrol,Unknown,3500.0,USA,craigslist_dallas
Hyundai Santa Fe 2016,Hyundai,2016,,Petrol,Unknown,6400.0,USA,craigslist_dallas
2010 Ford F-150 Lariat,Ford,2010,,Petrol,Unknown,9800.0,USA,craigslist_dallas
2020 Kia Forte Sedan - 52k Miles - Rebuilt Title - Excellent Condition,Kia,2020,,Petrol,Unknown,11500.0,USA,craigslist_dallas
2008 Chrysler 300,Chrysler,2008,,Petrol,Unknown,1500.0,USA,craigslist_dallas
2015 Chevrolet Tahoe 4x2,Chevrolet,2015,,Petrol,Unknown,8700.0,USA,craigslist_dallas
2025 TOYOTA TACOMA,Toyota,2025,,Petrol,Unknown,24000.0,USA,craigslist_dallas
2005 Toyota Tacoma Double Cab TRD Sport Pickup,Toyota,2005,,Petrol,Unknown,4900.0,USA,craigslist_dallas
2015 Hyundai santa fe gls 3.3l v6 (1 owner),Hyundai,2015,,Petrol,Unknown,9900.0,USA,craigslist_dallas
Selling Super Clean 1999 OBS Chevy,Chevy,1999,,Petrol,Unknown,5950.0,USA,craigslist_dallas
2005 Dodge Ram 1500 Crew Cab,Dodge,2005,,Petrol,Unknown,5000.0,USA,craigslist_dallas
2016 Chevrolet Malibu,Chevrolet,2016,,Petrol,Unknown,9000.0,USA,craigslist_dallas
2013 BMW 328i Convertible,BMW,2013,,Petrol,Unknown,6500.0,USA,craigslist_dallas
2016 Ford Explorer Fully Loaded!,Ford,2016,,Petrol,Unknown,8000.0,USA,craigslist_dallas
2003 Kia Spectra,Kia,2003,,Petrol,Unknown,2700.0,USA,craigslist_dallas
2008 Pontiac G6,2008,2008,,Petrol,Unknown,3600.0,USA,craigslist_dallas
2016 Nissan Versa,Nissan,2016,,Petrol,Unknown,6000.0,USA,craigslist_dallas
2007 Ford F-150,Ford,2007,,Petrol,Unknown,5000.0,USA,craigslist_dallas
2008 Buick Enclave,Buick,2008,,Petrol,Unknown,5800.0,USA,craigslist_dallas
"2015 Cadillac SRX, low mileage, lots of features",Cadillac,2015,,Petrol,Unknown,18000.0,USA,craigslist_dallas
2009 Toyota Camry,Toyota,2009,,Petrol,Unknown,5500.0,USA,craigslist_dallas
"2012 Dodge Durango          *blown heads, 3.6 liter*",Dodge,2012,,Petrol,Unknown,1595.0,USA,craigslist_dallas
2000 Ford F 250 Crew Cab xlt f250,Ford,2000,,Petrol,Unknown,3456.0,USA,craigslist_dallas
2019 Mercedes-Benz CLS 450 4Matic,2019,2019,,Petrol,Unknown,21700.0,USA,craigslist_dallas
2021 F150,2021,2021,,Petrol,Unknown,9900.0,USA,craigslist_dallas
2013 Nissan Rogue,Nissan,2013,,Petrol,Unknown,5500.0,USA,craigslist_dallas
2003 Dodge Ram 1500 Crew Cab,Dodge,2003,,Petrol,Unknown,5800.0,USA,craigslist_dallas
2008 Toyota Sienna XLE,Toyota,2008,,Petrol,Unknown,6000.0,USA,craigslist_dallas
2017 Dodge Grand Caravan GT Stow & Go,Dodge,2017,,Petrol,Unknown,6500.0,USA,craigslist_dallas
2008 Toyota Camry LE,Toyota,2008,,Petrol,Unknown,5000.0,USA,craigslist_dallas
2016 Bmw X3 sdrive35i,BMW,2016,,Petrol,Unknown,7998.0,USA,craigslist_dallas
2018 Hyundai Tucson Sport Utility 4D,Hyundai,2018,,Petrol,Unknown,8200.0,USA,craigslist_dallas
2008 Lexus RX 350 Silver All Power NICE,Lexus,2008,,Petrol,Unknown,5500.0,USA,craigslist_dallas
2013 Chevy Silverado Crew Cab LT  4DRS Burgandy AC NICE,Chevy,2013,,Petrol,Unknown,8000.0,USA,craigslist_dallas
2017 DODGE PROMASTER CLEAN NICE,Dodge,2017,,Petrol,Unknown,10500.0,USA,craigslist_dallas
"2012 Ford Mustang GT 5.0 COYOTE ""BOSS"" 6spd NICE",Ford,2012,,Petrol,Unknown,15000.0,USA,craigslist_dallas
2012 Blue  Hyundai Sonata 4cyl auto AC,Hyundai,2012,,Petrol,Unknown,2475.0,USA,craigslist_dallas
Dodge durango sxt 2015,Dodge,2015,,Petrol,Unknown,8500.0,USA,craigslist_dallas
"2025 GMC Yukon ELEVATION $ 56,800",GMC,2025,,Petrol,Unknown,56800.0,USA,craigslist_dallas
2014 Honda Pilot,Honda,2014,,Petrol,Unknown,4500.0,USA,craigslist_dallas
2020 BMW X5 40i,BMW,2020,,Petrol,Unknown,27500.0,USA,craigslist_dallas
2018 Hyundai Tucson,Hyundai,2018,,Petrol,Unknown,9999.0,USA,craigslist_dallas
2010 Honda Civic,Honda,2010,,Petrol,Unknown,6000.0,USA,craigslist_dallas
2011 Jeep Wrangler Rubicon JKU,Jeep,2011,,Petrol,Unknown,14500.0,USA,craigslist_dallas
2010 nissan maxima,Nissan,2010,,Petrol,Unknown,5800.0,USA,craigslist_dallas
2009 Volvo S40,Volvo,2009,,Petrol,Unknown,4800.0,USA,craigslist_dallas
1998 Ford Ranger,Ford,1998,,Petrol,Unknown,5900.0,USA,craigslist_dallas
2011 BMW X5,BMW,2011,,Petrol,Unknown,7900.0,USA,craigslist_dallas
Rare 2014 Toyota FJ Cruiser – 6-Speed Manual | 4WD | Off-Road Package,Toyota,2014,,Petrol,Unknown,26800.0,USA,craigslist_dallas
2012 Dodge avenger,Dodge,2012,,Petrol,Unknown,2900.0,USA,craigslist_dallas
"2008 F250 (105,000 miles)",2008,2008,,Petrol,Unknown,10000.0,USA,craigslist_dallas
Meecedes E350 Miles 75K 2010,Meecedes,2010,,Petrol,Unknown,4995.0,USA,craigslist_dallas
2010 Mitsubishi Galant,Mitsubishi,2010,,Petrol,Unknown,2600.0,USA,craigslist_dallas
2015 Chevrolet Malibu LT,Chevrolet,2015,,Petrol,Unknown,5400.0,USA,craigslist_dallas
2015 Chevrolet Traverse LT,Chevrolet,2015,,Petrol,Unknown,6300.0,USA,craigslist_dallas
2008 Ford F150,Ford,2008,,Petrol,Unknown,3800.0,USA,craigslist_dallas
2016 Hyundai Sonata SE Clean,Hyundai,2016,,Petrol,Unknown,7200.0,USA,craigslist_dallas
2020 Ram City Master,Ram,2020,,Petrol,Unknown,5750.0,USA,craigslist_dallas
2009 386 Peterbilt,2009,2009,,Petrol,Unknown,26000.0,USA,craigslist_dallas
2021 ford bronco sport,Ford,2021,,Petrol,Unknown,17000.0,USA,craigslist_dallas
2023 Hyundai Hybrid Santa Fe Limited,Hyundai,2023,,Petrol,Unknown,24999.0,USA,craigslist_dallas
2015 Audi A3 premium plus 1.8 turbo,Audi,2015,,Petrol,Unknown,6300.0,USA,craigslist_dallas
2004 Toyota Tundra,Toyota,2004,,Petrol,Unknown,10999.0,USA,craigslist_dallas
2013 dodge dart for sale,Dodge,2013,,Petrol,Unknown,2500.0,USA,craigslist_dallas
2009 Toyota Camry SE – Clean Title – 1 Owner,Toyota,2009,,Petrol,Unknown,4500.0,USA,craigslist_dallas
Hyundai Sonata SE 2019,Hyundai,2019,,Petrol,Unknown,7799.0,USA,craigslist_dallas
2015 JEEP CHEROKEE TRAILHAWK 4X4,Jeep,2015,,Petrol,Unknown,14000.0,USA,craigslist_dallas
2007 Hyundai Entourage,Hyundai,2007,,Petrol,Unknown,2900.0,USA,craigslist_dallas
2013 Mercedes C250 1 Owner No Accidents ONLY 77k miles Clean Title Garage Kept B,Mercedes,2013,,Petrol,Unknown,8700.0,USA,craigslist_dallas
2006 Toyota Corolla,Toyota,2006,,Petrol,Unknown,2900.0,USA,craigslist_dallas
2005 Saturn Relay II Mini Van,Mini,2005,,Petrol,Unknown,2250.0,USA,craigslist_dallas
2016 Honda CRV EX Drives Great,Honda,2016,,Petrol,Unknown,8900.0,USA,craigslist_dallas
2015 Mercedes Benz C300 4Matic Low Miles Drives Great,Mercedes,2015,,Petrol,Unknown,8900.0,USA,craigslist_dallas
2019  Chevrolet Tahoe LS,Chevrolet,2019,,Petrol,Unknown,18499.0,USA,craigslist_dallas
Brand New 2008 Food Truck with COLD AC at a great price!,Brand,2008,,Petrol,Unknown,39999.0,USA,craigslist_dallas
"2015 TOYOTA TACOMA 4 CYL 2.7L.closed com. Have 2 more truck, 1 van f",Toyota,2015,,Petrol,Unknown,13500.0,USA,craigslist_dallas
"2006 ford van E 350 . Closed com , have 3 more truck,",Ford,2006,,Petrol,Unknown,3200.0,USA,craigslist_dallas
2019 Mitsubishi Mirage,Mitsubishi,2019,,Petrol,Unknown,7000.0,USA,craigslist_dallas
2018 Nissan Marano S,Nissan,2018,,Petrol,Unknown,10800.0,USA,craigslist_dallas
2007 Jeep Wrangler,Jeep,2007,,Petrol,Unknown,10300.0,USA,craigslist_dallas
2017 Mitsubishi Mirage G-4,Mitsubishi,2017,,Petrol,Unknown,4200.0,USA,craigslist_dallas
2013 Kia Soul,Kia,2013,,Petrol,Unknown,3200.0,USA,craigslist_dallas
2015 Dodge Caravan SE,Dodge,2015,,Petrol,Unknown,3200.0,USA,craigslist_dallas
2013 Chevy Impala,Chevy,2013,,Petrol,Unknown,3200.0,USA,craigslist_dallas
1994 C1500 Chevrolet 4.3l V6,Chevrolet,1994,,Petrol,Unknown,15000.0,USA,craigslist_dallas
2017 Ford Fusion - 79K miles Only,Ford,2017,,Petrol,Unknown,7299.0,USA,craigslist_dallas
2013 Kia Soul Plus,Kia,2013,,Petrol,Unknown,3550.0,USA,craigslist_dallas
2014 Ford F-150 XLT 4x4 SuperCrew,Ford,2014,,Petrol,Unknown,10000.0,USA,craigslist_dallas
2020 Freightliner M2,2020,2020,,Petrol,Unknown,82000.0,USA,craigslist_dallas
2006 Hummer H2,2006,2006,,Petrol,Unknown,8900.0,USA,craigslist_dallas
2009 Dodge Charger SXT,Dodge,2009,,Petrol,Unknown,4200.0,USA,craigslist_dallas
2005 Toyota prius wrecked good hybrid battery and 12 volt battery,Toyota,2005,,Petrol,Unknown,500.0,USA,craigslist_dallas
2016 Jeep Renegade TRAILHAWK 4x4…Clean Title,Jeep,2016,,Petrol,Unknown,8900.0,USA,craigslist_dallas
2014 Suburban LTZ,2014,2014,,Petrol,Unknown,6000.0,USA,craigslist_dallas
2015 BMW 428I Coupe RWD Clean carfax 100k miles sunroof,BMW,2015,,Petrol,Unknown,9995.0,USA,craigslist_dallas
2021 Kia Forte LXS 47k Low Miles Excellent Condition,Kia,2021,,Petrol,Unknown,13000.0,USA,craigslist_dallas
2013 FRGHTLINER CASCADIA WITH NEW ENGINE FOR SALE,2013,2013,,Petrol,Unknown,24000.0,USA,craigslist_dallas
2015 Chevrolet Equinox…Clean Title,Chevrolet,2015,,Petrol,Unknown,4500.0,USA,craigslist_dallas
2013 Hyundai Elantra GLS,Hyundai,2013,,Petrol,Unknown,5500.0,USA,craigslist_dallas
2000 F650 HOT SHOT SLEEPER rig with available trailers,2000,2000,,Petrol,Unknown,9650.0,USA,craigslist_dallas
2020 Ram Promaster 3500 high roof extended cargo van,Ram,2020,,Petrol,Unknown,17500.0,USA,craigslist_dallas
1993 ford Eco liner e150,Ford,1993,,Petrol,Unknown,4200.0,USA,craigslist_dallas
2011 BMW 328I XDRIVE CLEAN TX TITLE NEW STATE INSPECTION DAILY DRIVER,BMW,2011,,Petrol,Unknown,3000.0,USA,craigslist_dallas
"2011 Audi Q5 – Luxury, Performance & All-Wheel Drive!",Audi,2011,,Petrol,Unknown,6500.0,USA,craigslist_dallas
2005 Nissan Armada,Nissan,2005,,Petrol,Unknown,2500.0,USA,craigslist_dallas
2011 Mazda2 Sport - 5-Speed Manual - Fun & Reliable Commuter,2011,2011,,Petrol,Unknown,2000.0,USA,craigslist_dallas
"2014 Buick Enclave Premium $4,850",Buick,2014,,Petrol,Unknown,4850.0,USA,craigslist_dallas
2013 CHEVY CRUZE LT,Chevy,2013,,Petrol,Unknown,3500.0,USA,craigslist_dallas
2014 Kia Soul Wagon S,Kia,2014,,Petrol,Unknown,5900.0,USA,craigslist_dallas
2017 TOYOTA COROLLA XLE,Toyota,2017,,Petrol,Unknown,15000.0,USA,craigslist_dallas
2019 Ram 1500 Classic Tradesman Crew Cab 4X4 HEMI 5.7L V8 28k miles,Ram,2019,,Petrol,Unknown,26500.0,USA,craigslist_dallas
2016 TOYOTA CAMRY  ! ONLY 98K MILES !RUNS GREAT!!,Toyota,2016,,Petrol,Unknown,10990.0,USA,craigslist_dallas
2016 HONDA ACCORD,Honda,2016,,Petrol,Unknown,8999.0,USA,craigslist_dallas
2015 Toyota Highlander XLE,Toyota,2015,,Petrol,Unknown,11900.0,USA,craigslist_dallas
2013 Hyundai Accent,Hyundai,2013,,Petrol,Unknown,5500.0,USA,craigslist_dallas
"2017 Jeep Compass 4 cylinder 30 MPG 130,000 Miles",Jeep,2017,,Petrol,Unknown,3800.0,USA,craigslist_dallas
"2019 Ford F-150 3.5 Eco-Boost FX4 King Cab Lifted 80,000 Miles",Ford,2019,,Petrol,Unknown,19000.0,USA,craigslist_dallas
2003 Sequoia 4x4 LOW MILES! Runs Like New!,2003,2003,,Petrol,Unknown,8500.0,USA,craigslist_dallas
2024 Mitsubishi Mirage G4,Mitsubishi,2024,,Petrol,Unknown,11000.0,USA,craigslist_dallas
2019 chevy silverado 2500hd,Chevy,2019,,Petrol,Unknown,19900.0,USA,craigslist_dallas
2017 ford f250 4x4 diesel,Ford,2017,,Petrol,Unknown,29500.0,USA,craigslist_dallas
2018 ram 2500 4x4 diesel,Ram,2018,,Petrol,Unknown,23500.0,USA,craigslist_dallas
2009 LEXUS ES350,Lexus,2009,,Petrol,Unknown,4600.0,USA,craigslist_dallas
2018 gmc sierra 2500hd,GMC,2018,,Petrol,Unknown,24900.0,USA,craigslist_dallas
2015 ford f350 4x4  xlt,Ford,2015,,Petrol,Unknown,19900.0,USA,craigslist_dallas
2021 KIA FORTE LXS,Kia,2021,,Petrol,Unknown,8900.0,USA,craigslist_dallas
2000 Sterling L9500 Tri/A Dumptruck,2000,2000,,Petrol,Unknown,14000.0,USA,craigslist_dallas
2009 Honda CRV reliable daily driver,Honda,2009,,Petrol,Unknown,4500.0,USA,craigslist_dallas
2007 BMW 335i,BMW,2007,,Petrol,Unknown,4600.0,USA,craigslist_dallas
2013 Acura Rdx…Great Condition…Clean Title,Acura,2013,,Petrol,Unknown,6900.0,USA,craigslist_dallas
2013 Hyundai Genesis,Hyundai,2013,,Petrol,Unknown,2500.0,USA,craigslist_dallas
Black 2010 Ford F-150 Lariat 4WD,Ford,2010,,Petrol,Unknown,9300.0,USA,craigslist_dallas
2013 ford e250 Econoline cargo van,Ford,2013,,Petrol,Unknown,2500.0,USA,craigslist_dallas
2015 Nissan Altima,Nissan,2015,,Petrol,Unknown,3800.0,USA,craigslist_dallas
2011 Nissan Altima,Nissan,2011,,Petrol,Unknown,3400.0,USA,craigslist_dallas
$2100 SOLD SOLD SOLD!!2011 Jetta cash car title in hand!,$2100,2011,,Petrol,Unknown,2100.0,USA,craigslist_dallas
2013 Volkswagen Passat,Volkswagen,2013,,Petrol,Unknown,3500.0,USA,craigslist_dallas
2010 Cadillac SRX,Cadillac,2010,,Petrol,Unknown,3800.0,USA,craigslist_dallas
2005 volvo xc90,Volvo,2005,,Petrol,Unknown,2500.0,USA,craigslist_dallas
Toyota Tundra 2014,Toyota,2014,,Petrol,Unknown,9800.0,USA,craigslist_dallas
2006 Toyota Tacoma TRD Pre-Runner,Toyota,2006,,Petrol,Unknown,9800.0,USA,craigslist_dallas
2008 Acura Mdx power EVERYTHING SUPER COLD A/C Dependable,Acura,2008,,Petrol,Unknown,4750.0,USA,craigslist_dallas
2016 INFINITE Q50 AUTOMATIC CLEAN TITLE,2016,2016,,Petrol,Unknown,6500.0,USA,craigslist_dallas
2010 TOYOTA SIENNA LE,Toyota,2010,,Petrol,Unknown,4900.0,USA,craigslist_dallas
2015 Ford F-150XL,Ford,2015,,Petrol,Unknown,10450.0,USA,craigslist_dallas
Subaru Forester XT (2009–2013) (In search of/ want to buy),Subaru,2009,,Petrol,Unknown,3500.0,USA,craigslist_dallas
2011 Chevrolet Silverado 1500 Crew Cab 102k miles,Chevrolet,2011,,Petrol,Unknown,8500.0,USA,craigslist_dallas
2003 GMC Sierra 2500HD SLT Duramax 6.6 LB7 Extended Cab Short Bed,GMC,2003,,Petrol,Unknown,9900.0,USA,craigslist_dallas
2023 Hyundai Santa Fe SEL Premium Private seller,Hyundai,2023,,Petrol,Unknown,25750.0,USA,craigslist_dallas
2012 Dodge Ram Crew Cab 4x4,Dodge,2012,,Petrol,Unknown,7850.0,USA,craigslist_dallas
"🚐 2008 Honda Odyssey - Clean Title
Runs & drives. Engine smokes. Cold A/C. Cl",Honda,2008,,Petrol,Unknown,1700.0,USA,craigslist_dallas
2017 Nissan Pathfinder SV,Nissan,2017,,Petrol,Unknown,5499.0,USA,craigslist_dallas
1993 Chevrolet Silverado 1500 V8 350,Chevrolet,1993,,Petrol,Unknown,8150.0,USA,craigslist_dallas
1994 gmc sierra 1500  extended cab stepside,GMC,1994,,Petrol,Unknown,5250.0,USA,craigslist_dallas
2008 BMW 328i,BMW,2008,,Petrol,Unknown,4500.0,USA,craigslist_dallas
Pristine 2009 Toyota Camry Hybrid XLE loaded no accid Low miles,Toyota,2009,,Petrol,Unknown,6875.0,USA,craigslist_dallas
2013 Honda Pilot EXL,Honda,2013,,Petrol,Unknown,5900.0,USA,craigslist_dallas
2003 Ford F150,Ford,2003,,Petrol,Unknown,3900.0,USA,craigslist_dallas
2014 Chevy Traverse Lt Super Clean 3rd row seating,Chevy,2014,,Petrol,Unknown,4500.0,USA,craigslist_dallas
MECHANIC SPECIAL 2014 NISSAN MAXIMA 133K MILES NEEDS HUB ASSEMBLY,Nissan,2014,,Petrol,Unknown,2500.0,USA,craigslist_dallas
JEEP 2015 CHEROKEE**FIRST OWNER**NO ACCIDENT**,Jeep,2015,,Petrol,Unknown,7999.0,USA,craigslist_dallas
2016 Blue Jeep Wrangler,Jeep,2016,,Petrol,Unknown,12500.0,USA,craigslist_dallas
2014 Ford Focus SE,Ford,2014,,Petrol,Unknown,3100.0,USA,craigslist_dallas
2003 Ford F-150,Ford,2003,,Petrol,Unknown,3999.0,USA,craigslist_dallas
2014 Ford Expedition King Ranch,Ford,2014,,Petrol,Unknown,5750.0,USA,craigslist_dallas
2013 Ford Expedition Limited,Ford,2013,,Petrol,Unknown,5950.0,USA,craigslist_dallas
2004 Buick LeSabre,Buick,2004,,Petrol,Unknown,4200.0,USA,craigslist_dallas
2005 Ford F-150 For Sale (Good work truck),Ford,2005,,Petrol,Unknown,2500.0,USA,craigslist_dallas
2011 Dodge Ram 2500 SLT 4X4,Dodge,2011,,Petrol,Unknown,16000.0,USA,craigslist_dallas
2013 Chevrolet Malibu Limited,Chevrolet,2013,,Petrol,Unknown,1450.0,USA,craigslist_dallas
2016 Dodge Journey Crossroad,Dodge,2016,,Petrol,Unknown,4500.0,USA,craigslist_dallas
2010 Dodge Charger,Dodge,2010,,Petrol,Unknown,4500.0,USA,craigslist_dallas
2008 Dodge Durango,Dodge,2008,,Petrol,Unknown,3250.0,USA,craigslist_dallas
2013 Hyundai Genesis,Hyundai,2013,,Petrol,Unknown,2500.0,USA,craigslist_dallas
2002 Chevrolet Tahoe Z71,Chevrolet,2002,,Petrol,Unknown,3500.0,USA,craigslist_dallas
2001 Pontiac Bonneville,2001,2001,,Petrol,Unknown,2000.0,USA,craigslist_dallas
2016 RAM 2500 LARAMIE LONGHORN MEGA CAB,Ram,2016,,Petrol,Unknown,32999.0,USA,craigslist_dallas
2011 CHEVROLET SILVERADO 2500 HD,Chevrolet,2011,,Petrol,Unknown,35999.0,USA,craigslist_dallas
2005 Mercedes Benz E500,Mercedes,2005,,Petrol,Unknown,3500.0,USA,craigslist_dallas
2022 Chevrolet Silverado,Chevrolet,2022,,Petrol,Unknown,24000.0,USA,craigslist_dallas
2006 Chevrolet Silverado Z71,Chevrolet,2006,,Petrol,Unknown,8000.0,USA,craigslist_dallas
2004 Chevrolet Silverado LT,Chevrolet,2004,,Petrol,Unknown,11800.0,USA,craigslist_dallas
2006 GMC Sierra SLE,GMC,2006,,Petrol,Unknown,16500.0,USA,craigslist_dallas
2000 jaguar s type,2000,2000,,Petrol,Unknown,3600.0,USA,craigslist_dallas
2016 Hyundai Sonata,Hyundai,2016,,Petrol,Unknown,2800.0,USA,craigslist_dallas
2012 Buick Enclave – Clean Texas Title – 96k Miles,Buick,2012,,Petrol,Unknown,4999.0,USA,craigslist_dallas
2014 FORD F-150 XLT 4X4 _ 68000miles,Ford,2014,,Petrol,Unknown,14999.0,USA,craigslist_dallas
2013 chevy captiva,Chevy,2013,,Petrol,Unknown,2299.0,USA,craigslist_dallas
2012 FORD FUSION SPECIAL EDITION _V6,Ford,2012,,Petrol,Unknown,3750.0,USA,craigslist_dallas
2004 Mustang Gt,2004,2004,,Petrol,Unknown,15000.0,USA,craigslist_dallas
2017 Nissan Altima SV…No Issues…Clean Title,Nissan,2017,,Petrol,Unknown,4950.0,USA,craigslist_dallas
2008 Toyota FJ Cruiser 4X4 Texas truck - Clean carfax,Toyota,2008,,Petrol,Unknown,13100.0,USA,craigslist_dallas
2008 Lexus rx 400,Lexus,2008,,Petrol,Unknown,2700.0,USA,craigslist_dallas
2014 Mercedes Benz CLA 250 4MATIC Sedan AMG - 67k miles- Clean carfax,Mercedes,2014,,Petrol,Unknown,13250.0,USA,craigslist_dallas
2014 Toyota Camry SE Sedan with 95k miles. Clean title,Toyota,2014,,Petrol,Unknown,11600.0,USA,craigslist_dallas
2011 Chevrolet Avalanche Lt 4x4…Clean Carfax,Chevrolet,2011,,Petrol,Unknown,7900.0,USA,craigslist_dallas
1997 Ford F-250 HD XLT Supercab Powerstroke 4x4 LOW MILES RARE!!,Ford,1997,,Petrol,Unknown,25000.0,USA,craigslist_dallas
2014 Hyundai Accent GS Hatchback 4D,Hyundai,2014,,Petrol,Unknown,4999.0,USA,craigslist_dallas
"2006 Toyota Camry SE 4-cylinder automatic 125,000 miles",Toyota,2006,,Petrol,Unknown,5800.0,USA,craigslist_dallas
"2015 Ford F-150 Crew Cab, Platinum",Ford,2015,,Petrol,Unknown,22900.0,USA,craigslist_dallas
2021 Cheverolet Express 2500 ONE OWNER 12 Passenger van,2021,2021,,Petrol,Unknown,26500.0,USA,craigslist_dallas
2011 F-150 Raptor SVT,2011,2011,,Petrol,Unknown,22000.0,USA,craigslist_dallas
2016 Volvo S60 T5 Inscription,Volvo,2016,,Petrol,Unknown,8000.0,USA,craigslist_dallas
"2016 Volkswagen Jetta Sport, CLEAN TEXAS TITLE/CASH",Volkswagen,2016,,Petrol,Unknown,6900.0,USA,craigslist_dallas
2021 TOYOTA COROLLA LE,Toyota,2021,,Petrol,Unknown,12900.0,USA,craigslist_dallas
2000 Honda Accord One Owner All Original Amazing Survivor Clean Title,Honda,2000,,Petrol,Unknown,2748.0,USA,craigslist_dallas
2011 Subaru Legacy 2.5I Premium - Manual Transmission - Clean Title,Subaru,2011,,Petrol,Unknown,6198.0,USA,craigslist_dallas
2017 Freightliner m2,2017,2017,,Petrol,Unknown,26000.0,USA,craigslist_dallas
2015 nissan rouge,Nissan,2015,,Petrol,Unknown,5500.0,USA,craigslist_dallas
2016 Nissan rogue,Nissan,2016,,Petrol,Unknown,3995.0,USA,craigslist_dallas
2009 BMW 5 Series · 528i Sedan 4D,BMW,2009,,Petrol,Unknown,2900.0,USA,craigslist_dallas
2007 BMW X3 - Well Maintained - Runs Well - M Sport Package,BMW,2007,,Petrol,Unknown,4900.0,USA,craigslist_dallas
"**2025 CHEVY TAHOE LT,—EXCELLENT CONDITION—CLEAN TITLE**",Chevy,2025,,Petrol,Unknown,47500.0,USA,craigslist_dallas
2013 GMC Sierra 1500 Work Truc,GMC,2013,,Petrol,Unknown,3900.0,USA,craigslist_dallas
"2012 Audi A5, 118K Miles.",Audi,2012,,Petrol,Unknown,5999.0,USA,craigslist_dallas
2005 Dodge Ram 3500 Dually - 5.9L Cummins Diesel  Work Ready (No Rust),Dodge,2005,,Petrol,Unknown,6500.0,USA,craigslist_dallas
1997 Honda CR-V,Honda,1997,,Petrol,Unknown,2800.0,USA,craigslist_dallas
2010 Mercedes C350,Mercedes,2010,,Petrol,Unknown,3900.0,USA,craigslist_dallas
**2013 MERCEDES BENZ G63 AMG PACKAGE RED INTERIOR- DEALER MAINTAINED**,Mercedes,2013,,Petrol,Unknown,41500.0,USA,craigslist_dallas
2005 LS2 6.0 GTO,2005,2005,,Petrol,Unknown,25000.0,USA,craigslist_dallas
2009 Nissan Altima - Mechanic Special,Nissan,2009,,Petrol,Unknown,3000.0,USA,craigslist_dallas
🚗 FOR SALE: 2016 BMW X3 – Clean Title – White 🚗,BMW,2016,,Petrol,Unknown,8900.0,USA,craigslist_dallas
**2023 CADILLAC ESCALADE ESV LUXURY PACKAGE—1 OWNER-FULLY LOADED**,Cadillac,2023,,Petrol,Unknown,47500.0,USA,craigslist_dallas
2006 Nissan Sentra 1.8s low miles,Nissan,2006,,Petrol,Unknown,2800.0,USA,craigslist_dallas
2003 Mercedes E320,Mercedes,2003,,Petrol,Unknown,3250.0,USA,craigslist_dallas
2002 Ford Thunderbird Deluxe,Ford,2002,,Petrol,Unknown,10850.0,USA,craigslist_dallas
2012 Jeep Liberty Latitude,Jeep,2012,,Petrol,Unknown,7450.0,USA,craigslist_dallas
2002 Chevy Avalanche (runs and drives great),Chevy,2002,,Petrol,Unknown,3800.0,USA,craigslist_dallas
2016 Audi Q5 3.0T Quattro,Audi,2016,,Petrol,Unknown,12950.0,USA,craigslist_dallas
2017 Dodge Grand Caravan SXT,Dodge,2017,,Petrol,Unknown,7500.0,USA,craigslist_dallas
2013 Hyundai Veloster,Hyundai,2013,,Petrol,Unknown,5950.0,USA,craigslist_dallas
2010 Kia Forte,Kia,2010,,Petrol,Unknown,2000.0,USA,craigslist_dallas
2004 Ford F-350 4x4 Crew Cab Diesel - 164K Low Miles - Fresh $5K HPOP,Ford,2004,,Petrol,Unknown,9000.0,USA,craigslist_dallas
2003 Toyota Highlander,Toyota,2003,,Petrol,Unknown,2000.0,USA,craigslist_dallas
**2026 CHEVY TAHOE Z71–MINT CONDITION-CLEAN TITLE**,Chevy,2026,,Petrol,Unknown,51900.0,USA,craigslist_dallas
2004 mercury monterey van,2004,2004,,Petrol,Unknown,3000.0,USA,craigslist_dallas
"2005 Chevrolet Impala LS – Clean Title – 142,627 Miles",Chevrolet,2005,,Petrol,Unknown,4000.0,USA,craigslist_dallas
2015 Acura RDX,Acura,2015,,Petrol,Unknown,6500.0,USA,craigslist_dallas
2013 F350 cab and chassis,2013,2013,,Petrol,Unknown,12345.0,USA,craigslist_dallas
2004 F150 147k Miles,2004,2004,,Petrol,Unknown,5900.0,USA,craigslist_dallas
GREAT CASH CAR 2013 dodge Avenger NO ISSUES TITLE IN HAND! Drives new,Dodge,2013,,Petrol,Unknown,4350.0,USA,craigslist_dallas
2023 Chevrolet silverado 1500 rst z71 4wd,Chevrolet,2023,,Petrol,Unknown,46400.0,USA,craigslist_dallas
2014 Chevy Traverse Lt SUPER CLEAN 3rd Roll seating,Chevy,2014,,Petrol,Unknown,4500.0,USA,craigslist_dallas
2007 TOYOTA RAV4 2 WD,Toyota,2007,,Petrol,Unknown,5900.0,USA,craigslist_dallas
MECHANICS SPECIAL 2014 NISSAN MAXIMA 133k MILES NEED HUB BEARING,Nissan,2014,,Petrol,Unknown,2600.0,USA,craigslist_dallas
Reliable 2010 Honda accord,Honda,2010,,Petrol,Unknown,3600.0,USA,craigslist_dallas
2015 Ford Expedition XLT   SUV,Ford,2015,,Petrol,Unknown,8000.0,USA,craigslist_dallas
2013 Acura RDX 1 Owner Low Miles Excellent Condition Clean Title!!!!!!,Acura,2013,,Petrol,Unknown,8500.0,USA,craigslist_dallas
2013 Mercedes C250 1 Owner No Accidents ONLY 77k miles Clean Title Garage Kept B,Mercedes,2013,,Petrol,Unknown,8700.0,USA,craigslist_dallas
"2006 Mitsubishi Raider Durocross V8, 130k",Mitsubishi,2006,,Petrol,Unknown,4900.0,USA,craigslist_dallas
"2015 MERCEDES BENZ GLA250, 121K, NO ACCIDENT, CLEAN-T, EXCELLENT",Mercedes,2015,,Petrol,Unknown,8200.0,USA,craigslist_dallas
2016 Nissan Titan XD SL 4x4 Crew Cab V8 Diesel Cummins Low Miles Excellent,Nissan,2016,,Petrol,Unknown,19500.0,USA,craigslist_dallas
"2018 GMC Yukon Denali 2WD- 1 Owner, Excellent maintenance, New Tires",GMC,2018,,Petrol,Unknown,19800.0,USA,craigslist_dallas
1998 Chevy Water Truck,Chevy,1998,,Petrol,Unknown,37500.0,USA,craigslist_dallas
2010 Buick LaCrosse · CXS Sedan 4D Mechanic Special,Buick,2010,,Petrol,Unknown,2300.0,USA,craigslist_dallas
2020 cadillac xt6 sport,Cadillac,2020,,Petrol,Unknown,18900.0,USA,craigslist_dallas
2021 gmc sierra 2500 hd,GMC,2021,,Petrol,Unknown,24900.0,USA,craigslist_dallas
2016 CHEVROLET MALIBU,Chevrolet,2016,,Petrol,Unknown,5999.0,USA,craigslist_dallas
2018 GMC ACADIA SLT (75k Milage),GMC,2018,,Petrol,Unknown,12999.0,USA,craigslist_dallas
2003 FORD F250,Ford,2003,,Petrol,Unknown,50000.0,USA,craigslist_dallas
2013 Honda CBR500r,Honda,2013,,Petrol,Unknown,5500.0,USA,craigslist_dallas
2014 BMW 335i Clean title,BMW,2014,,Petrol,Unknown,16800.0,USA,craigslist_dallas
Dodge durango 2015 sxt,Dodge,2015,,Petrol,Unknown,8500.0,USA,craigslist_dallas
2010 Toyota Prius  Hybrid nice/low mileage/50mpg,Toyota,2010,,Petrol,Unknown,4900.0,USA,craigslist_dallas
Sale This Weekend! 2003 Yukon Clean Title Needs Transmission,Sale,2003,,Petrol,Unknown,1000.0,USA,craigslist_dallas
33k mile 2005 Chevy Silverado 2500hd 4x4 manual,Chevy,2005,,Petrol,Unknown,56000.0,USA,craigslist_dallas
2009 Pontiac G8 GT bone stock/original,2009,2009,,Petrol,Unknown,15500.0,USA,craigslist_dallas
2018 Audi Q5 2.0t,Audi,2018,,Petrol,Unknown,9500.0,USA,craigslist_dallas
2017 CHEVROLET TRAX DRIVE AMAZING,Chevrolet,2017,,Petrol,Unknown,5950.0,USA,craigslist_dallas
2012 Honda Pilot ex,Honda,2012,,Petrol,Unknown,5600.0,USA,craigslist_dallas
1992 Honda Acty Kei truck,Honda,1992,,Petrol,Unknown,7500.0,USA,craigslist_dallas
2013 Mercedes Benz C250 Sport Clean Title 75K Miles,Mercedes,2013,,Petrol,Unknown,9250.0,USA,craigslist_dallas
2014 Lexus IS250 F Sport Leather Low Miles,Lexus,2014,,Petrol,Unknown,20900.0,USA,craigslist_dallas
2013 BMW 328xi  AWD Low Mileage Recent Service,BMW,2013,,Petrol,Unknown,6500.0,USA,craigslist_dallas
2010 Chrysler Town & Country,Chrysler,2010,,Petrol,Unknown,2800.0,USA,craigslist_dallas
2013 Chrysler Town & Country – Reliable Family Van,Chrysler,2013,,Petrol,Unknown,4200.0,USA,craigslist_dallas
2013 Nissan Altima 2.5S For Sale,Nissan,2013,,Petrol,Unknown,6200.0,USA,craigslist_dallas
"2012 CHEVY TAHOE POLICE PACKAGE, SELL PART TRADES OK! FLAWless",Chevy,2012,,Petrol,Unknown,7900.0,USA,craigslist_dallas
2013 Dodge Challenger R/T 5.7L HEMI V8,Dodge,2013,,Petrol,Unknown,7500.0,USA,craigslist_dallas
2009 Ford Focus,Ford,2009,,Petrol,Unknown,2650.0,USA,craigslist_dallas
2005 Dodge Ram Daytona #728 Hemi Magnum 140k,Dodge,2005,,Petrol,Unknown,9500.0,USA,craigslist_dallas
2012 Ford F150,Ford,2012,,Petrol,Unknown,6200.0,USA,craigslist_dallas
2013 Chrysler 200 Tooting in good condition with clean title,Chrysler,2013,,Petrol,Unknown,4400.0,USA,craigslist_dallas
2021 Nissan Rogue Sport S 124K miles clean title (black),Nissan,2021,,Petrol,Unknown,12950.0,USA,craigslist_dallas
"2014 FORD ESCAPE SE, NO ACCIDENT, CELAN-T, EXCELLENT",Ford,2014,,Petrol,Unknown,5300.0,USA,craigslist_dallas
Reliable 2010 Honda accord,Honda,2010,,Petrol,Unknown,3600.0,USA,craigslist_dallas
1992 Mercedes-Benz 190e,1992,1992,,Petrol,Unknown,8000.0,USA,craigslist_dallas
2012 chevy tahoe LTZ,Chevy,2012,,Petrol,Unknown,6200.0,USA,craigslist_dallas
NISSAN TITÁN 2018 XD endurance,Nissan,2018,,Petrol,Unknown,8750.0,USA,craigslist_dallas
Caravan. 2018,Caravan.,2018,,Petrol,Unknown,7800.0,USA,craigslist_dallas
2011 Kia Soul,Kia,2011,,Petrol,Unknown,4500.0,USA,craigslist_dallas
Dodge dakota  1999,Dodge,1999,,Petrol,Unknown,3500.0,USA,craigslist_dallas
Hyundai Santa Fe 2016,Hyundai,2016,,Petrol,Unknown,6400.0,USA,craigslist_dallas
2010 Ford F-150 Lariat,Ford,2010,,Petrol,Unknown,9800.0,USA,craigslist_dallas
2020 Kia Forte Sedan - 52k Miles - Rebuilt Title - Excellent Condition,Kia,2020,,Petrol,Unknown,11500.0,USA,craigslist_dallas
2008 Chrysler 300,Chrysler,2008,,Petrol,Unknown,1500.0,USA,craigslist_dallas
2015 Chevrolet Tahoe 4x2,Chevrolet,2015,,Petrol,Unknown,8700.0,USA,craigslist_dallas
2025 TOYOTA TACOMA,Toyota,2025,,Petrol,Unknown,24000.0,USA,craigslist_dallas
2005 Toyota Tacoma Double Cab TRD Sport Pickup,Toyota,2005,,Petrol,Unknown,4900.0,USA,craigslist_dallas
2015 Hyundai santa fe gls 3.3l v6 (1 owner),Hyundai,2015,,Petrol,Unknown,9900.0,USA,craigslist_dallas
Selling Super Clean 1999 OBS Chevy,Chevy,1999,,Petrol,Unknown,5950.0,USA,craigslist_dallas
2005 Dodge Ram 1500 Crew Cab,Dodge,2005,,Petrol,Unknown,5000.0,USA,craigslist_dallas
2016 Chevrolet Malibu,Chevrolet,2016,,Petrol,Unknown,9000.0,USA,craigslist_dallas
2013 BMW 328i Convertible,BMW,2013,,Petrol,Unknown,6500.0,USA,craigslist_dallas
2016 Ford Explorer Fully Loaded!,Ford,2016,,Petrol,Unknown,8000.0,USA,craigslist_dallas
2003 Kia Spectra,Kia,2003,,Petrol,Unknown,2700.0,USA,craigslist_dallas
2008 Pontiac G6,2008,2008,,Petrol,Unknown,3600.0,USA,craigslist_dallas
2016 Nissan Versa,Nissan,2016,,Petrol,Unknown,6000.0,USA,craigslist_dallas
2007 Ford F-150,Ford,2007,,Petrol,Unknown,5000.0,USA,craigslist_dallas
2008 Buick Enclave,Buick,2008,,Petrol,Unknown,5800.0,USA,craigslist_dallas
"2015 Cadillac SRX, low mileage, lots of features",Cadillac,2015,,Petrol,Unknown,18000.0,USA,craigslist_dallas
2009 Toyota Camry,Toyota,2009,,Petrol,Unknown,5500.0,USA,craigslist_dallas
"2012 Dodge Durango          *blown heads, 3.6 liter*",Dodge,2012,,Petrol,Unknown,1595.0,USA,craigslist_dallas
2000 Ford F 250 Crew Cab xlt f250,Ford,2000,,Petrol,Unknown,3456.0,USA,craigslist_dallas
2019 Mercedes-Benz CLS 450 4Matic,2019,2019,,Petrol,Unknown,21700.0,USA,craigslist_dallas
2021 F150,2021,2021,,Petrol,Unknown,9900.0,USA,craigslist_dallas
2013 Nissan Rogue,Nissan,2013,,Petrol,Unknown,5500.0,USA,craigslist_dallas
2003 Dodge Ram 1500 Crew Cab,Dodge,2003,,Petrol,Unknown,5800.0,USA,craigslist_dallas
2008 Toyota Sienna XLE,Toyota,2008,,Petrol,Unknown,6000.0,USA,craigslist_dallas
2017 Dodge Grand Caravan GT Stow & Go,Dodge,2017,,Petrol,Unknown,6500.0,USA,craigslist_dallas
2008 Toyota Camry LE,Toyota,2008,,Petrol,Unknown,5000.0,USA,craigslist_dallas
2016 Bmw X3 sdrive35i,BMW,2016,,Petrol,Unknown,7998.0,USA,craigslist_dallas
2018 Hyundai Tucson Sport Utility 4D,Hyundai,2018,,Petrol,Unknown,8200.0,USA,craigslist_dallas
2008 Lexus RX 350 Silver All Power NICE,Lexus,2008,,Petrol,Unknown,5500.0,USA,craigslist_dallas
2013 Chevy Silverado Crew Cab LT  4DRS Burgandy AC NICE,Chevy,2013,,Petrol,Unknown,8000.0,USA,craigslist_dallas
2017 DODGE PROMASTER CLEAN NICE,Dodge,2017,,Petrol,Unknown,10500.0,USA,craigslist_dallas
"2012 Ford Mustang GT 5.0 COYOTE ""BOSS"" 6spd NICE",Ford,2012,,Petrol,Unknown,15000.0,USA,craigslist_dallas
2012 Blue  Hyundai Sonata 4cyl auto AC,Hyundai,2012,,Petrol,Unknown,2475.0,USA,craigslist_dallas
Dodge durango sxt 2015,Dodge,2015,,Petrol,Unknown,8500.0,USA,craigslist_dallas
"2025 GMC Yukon ELEVATION $ 56,800",GMC,2025,,Petrol,Unknown,56800.0,USA,craigslist_dallas
2014 Honda Pilot,Honda,2014,,Petrol,Unknown,4500.0,USA,craigslist_dallas
2020 BMW X5 40i,BMW,2020,,Petrol,Unknown,27500.0,USA,craigslist_dallas
2018 Hyundai Tucson,Hyundai,2018,,Petrol,Unknown,9999.0,USA,craigslist_dallas
2010 Honda Civic,Honda,2010,,Petrol,Unknown,6000.0,USA,craigslist_dallas
2011 Jeep Wrangler Rubicon JKU,Jeep,2011,,Petrol,Unknown,14500.0,USA,craigslist_dallas
2010 nissan maxima,Nissan,2010,,Petrol,Unknown,5800.0,USA,craigslist_dallas
2009 Volvo S40,Volvo,2009,,Petrol,Unknown,4800.0,USA,craigslist_dallas
1998 Ford Ranger,Ford,1998,,Petrol,Unknown,5900.0,USA,craigslist_dallas
2011 BMW X5,BMW,2011,,Petrol,Unknown,7900.0,USA,craigslist_dallas
Rare 2014 Toyota FJ Cruiser – 6-Speed Manual | 4WD | Off-Road Package,Toyota,2014,,Petrol,Unknown,26800.0,USA,craigslist_dallas
2012 Dodge avenger,Dodge,2012,,Petrol,Unknown,2900.0,USA,craigslist_dallas
"2008 F250 (105,000 miles)",2008,2008,,Petrol,Unknown,10000.0,USA,craigslist_dallas
Meecedes E350 Miles 75K 2010,Meecedes,2010,,Petrol,Unknown,4995.0,USA,craigslist_dallas
2010 Mitsubishi Galant,Mitsubishi,2010,,Petrol,Unknown,2600.0,USA,craigslist_dallas
2015 Chevrolet Malibu LT,Chevrolet,2015,,Petrol,Unknown,5400.0,USA,craigslist_dallas
2015 Chevrolet Traverse LT,Chevrolet,2015,,Petrol,Unknown,6300.0,USA,craigslist_dallas
2008 Ford F150,Ford,2008,,Petrol,Unknown,3800.0,USA,craigslist_dallas
2016 Hyundai Sonata SE Clean,Hyundai,2016,,Petrol,Unknown,7200.0,USA,craigslist_dallas
2020 Ram City Master,Ram,2020,,Petrol,Unknown,5750.0,USA,craigslist_dallas
2009 386 Peterbilt,2009,2009,,Petrol,Unknown,26000.0,USA,craigslist_dallas
2021 ford bronco sport,Ford,2021,,Petrol,Unknown,17000.0,USA,craigslist_dallas
2023 Hyundai Hybrid Santa Fe Limited,Hyundai,2023,,Petrol,Unknown,24999.0,USA,craigslist_dallas
2015 Audi A3 premium plus 1.8 turbo,Audi,2015,,Petrol,Unknown,6300.0,USA,craigslist_dallas
2004 Toyota Tundra,Toyota,2004,,Petrol,Unknown,10999.0,USA,craigslist_dallas
2013 dodge dart for sale,Dodge,2013,,Petrol,Unknown,2500.0,USA,craigslist_dallas
2009 Toyota Camry SE – Clean Title – 1 Owner,Toyota,2009,,Petrol,Unknown,4500.0,USA,craigslist_dallas
Hyundai Sonata SE 2019,Hyundai,2019,,Petrol,Unknown,7799.0,USA,craigslist_dallas
2015 JEEP CHEROKEE TRAILHAWK 4X4,Jeep,2015,,Petrol,Unknown,14000.0,USA,craigslist_dallas
2007 Hyundai Entourage,Hyundai,2007,,Petrol,Unknown,2900.0,USA,craigslist_dallas
2013 Mercedes C250 1 Owner No Accidents ONLY 77k miles Clean Title Garage Kept B,Mercedes,2013,,Petrol,Unknown,8700.0,USA,craigslist_dallas
2006 Toyota Corolla,Toyota,2006,,Petrol,Unknown,2900.0,USA,craigslist_dallas
2005 Saturn Relay II Mini Van,Mini,2005,,Petrol,Unknown,2250.0,USA,craigslist_dallas
2016 Honda CRV EX Drives Great,Honda,2016,,Petrol,Unknown,8900.0,USA,craigslist_dallas
2015 Mercedes Benz C300 4Matic Low Miles Drives Great,Mercedes,2015,,Petrol,Unknown,8900.0,USA,craigslist_dallas
2019  Chevrolet Tahoe LS,Chevrolet,2019,,Petrol,Unknown,18499.0,USA,craigslist_dallas
Brand New 2008 Food Truck with COLD AC at a great price!,Brand,2008,,Petrol,Unknown,39999.0,USA,craigslist_dallas
"2015 TOYOTA TACOMA 4 CYL 2.7L.closed com. Have 2 more truck, 1 van f",Toyota,2015,,Petrol,Unknown,13500.0,USA,craigslist_dallas
"2006 ford van E 350 . Closed com , have 3 more truck,",Ford,2006,,Petrol,Unknown,3200.0,USA,craigslist_dallas
2012 subaru outback,Subaru,2012,,Petrol,Unknown,3000.0,USA,craigslist_newyork
2014 Honda Odyssey EX-L Fully Fully Loaded,Honda,2014,,Petrol,Unknown,10900.0,USA,craigslist_newyork
2006 Honda CR-V EX,Honda,2006,,Petrol,Unknown,2300.0,USA,craigslist_newyork
2010 Nissan Rogue SL AWD runs great looks beautiful,Nissan,2010,,Petrol,Unknown,2100.0,USA,craigslist_newyork
Nissan Altima 2012,Nissan,2012,,Petrol,Unknown,3500.0,USA,craigslist_newyork
Acura MDX 2020,Acura,2020,,Petrol,Unknown,9000.0,USA,craigslist_newyork
Nissan versa SV 2015,Nissan,2015,,Petrol,Unknown,3500.0,USA,craigslist_newyork
Toyota Camry 2002,Toyota,2002,,Petrol,Unknown,2500.0,USA,craigslist_newyork
Hyundai Santa Fe 2012,Hyundai,2012,,Petrol,Unknown,2800.0,USA,craigslist_newyork
2019 Hyundai Sonata SE,Hyundai,2019,,Petrol,Unknown,9995.0,USA,craigslist_newyork
This 2017 black Toyota Sienna LE is in excellent condition,Toyota,2017,,Petrol,Unknown,6800.0,USA,craigslist_newyork
2016 Dodge Dart 140k miles good condition no parts replaced,Dodge,2016,,Petrol,Unknown,4000.0,USA,craigslist_newyork
2017 Nissan Rogue SV,Nissan,2017,,Petrol,Unknown,6950.0,USA,craigslist_newyork
2010 Dodge Grand Caravan,Dodge,2010,,Petrol,Unknown,3300.0,USA,craigslist_newyork
2008 Mercury Grand Marquis LS - SUNROOF,2008,2008,,Petrol,Unknown,10200.0,USA,craigslist_newyork
2011 Infinity M37X  for sale,2011,2011,,Petrol,Unknown,5100.0,USA,craigslist_newyork
2003 Toyota camry  le,Toyota,2003,,Petrol,Unknown,1900.0,USA,craigslist_newyork
2008 Honda Civic EX Coupe in silver - 179K miles,Honda,2008,,Petrol,Unknown,4900.0,USA,craigslist_newyork
2022 Ford Explorer Police interceptor Hybrid AWD,Ford,2022,,Petrol,Unknown,19900.0,USA,craigslist_newyork
2008 Infiniti G37 Journey Coupe,Infiniti,2008,,Petrol,Unknown,6500.0,USA,craigslist_newyork
"2009 Toyota Corolla LE 70,000 miles 1 Owner",Toyota,2009,,Petrol,Unknown,9000.0,USA,craigslist_newyork
2002 toyota camry,Toyota,2002,,Petrol,Unknown,1000.0,USA,craigslist_newyork
2006 Subaru Outback LL BEAN EDITION,Subaru,2006,,Petrol,Unknown,2000.0,USA,craigslist_newyork
2009 Volkswagen Jetta Loaded,Volkswagen,2009,,Petrol,Unknown,2500.0,USA,craigslist_newyork
2014 Ford E250 cargo van ***ONLY 117k MILES / EXCELLENT CONDITION***,Ford,2014,,Petrol,Unknown,8500.0,USA,craigslist_newyork
2003 toyota matrix xr awd for sale,Toyota,2003,,Petrol,Unknown,1850.0,USA,craigslist_newyork
2010 Lexus Es-350,Lexus,2010,,Petrol,Unknown,12500.0,USA,craigslist_newyork
2012 chevrolet volt premier,Chevrolet,2012,,Petrol,Unknown,5900.0,USA,craigslist_newyork
"2019 BMW X5 xDrive40i AWD Fully Loaded (Camera, Panorama, Navi)",BMW,2019,,Petrol,Unknown,20990.0,USA,craigslist_newyork
2011 Nissan Murano Loaded,Nissan,2011,,Petrol,Unknown,2500.0,USA,craigslist_newyork
2018 Volkswagen Tiguan Limited 4Motion AWD 4 Cylinder,Volkswagen,2018,,Petrol,Unknown,6500.0,USA,craigslist_newyork
2012 Toyota Corolla,Toyota,2012,,Petrol,Unknown,6200.0,USA,craigslist_newyork
2013 Mercedes benz s 550,Mercedes,2013,,Petrol,Unknown,11600.0,USA,craigslist_newyork
2014 Nissan Juke like new,Nissan,2014,,Petrol,Unknown,2900.0,USA,craigslist_newyork
2014 Jeep Grand Cherokee,Jeep,2014,,Petrol,Unknown,7700.0,USA,craigslist_newyork
GMC Sierra 4X4 2011,GMC,2011,,Petrol,Unknown,5300.0,USA,craigslist_newyork
"2017 Mercedes-Benz E300 Sport 4Matic Fully Loaded (Panorama, Camera)",2017,2017,,Petrol,Unknown,14500.0,USA,craigslist_newyork
2010 Volkswagen Tiguen for SALE (AS IS),Volkswagen,2010,,Petrol,Unknown,4000.0,USA,craigslist_newyork
"2018 Jaguar F-Pace 25t Premium Fully Loaded (Panorama, Camera, Navi)",2018,2018,,Petrol,Unknown,9990.0,USA,craigslist_newyork
2016 mercedes benz e350,Mercedes,2016,,Petrol,Unknown,9999.0,USA,craigslist_newyork
1992 Camry,1992,1992,,Petrol,Unknown,1500.0,USA,craigslist_newyork
2016 Mercedes benz glc300 fully loaded,Mercedes,2016,,Petrol,Unknown,12250.0,USA,craigslist_newyork
2021 Honda CR-V  EX Excellent condition Only 15k miles,Honda,2021,,Petrol,Unknown,19250.0,USA,craigslist_newyork
"2018 Audi SQ5 Prestige Quattro Fully Loaded (Panorama, 360 cams)",Audi,2018,,Petrol,Unknown,15990.0,USA,craigslist_newyork
"2018 Jaguar XE 25t Premium AWD Fully Loaded (Camera, Blind Spots, Navi",2018,2018,,Petrol,Unknown,8990.0,USA,craigslist_newyork
"2016 Volvo XC90 T6 Momentum Fully Loaded (360 Cam, Navi, Panorama)",Volvo,2016,,Petrol,Unknown,11990.0,USA,craigslist_newyork
2020 FORD EXPLORER LIMITED 4WD,Ford,2020,,Petrol,Unknown,19900.0,USA,craigslist_newyork
"2019 Audi A4 Quattro Premium Plus Fully Loaded (Camera, Navi, Sunroof)",Audi,2019,,Petrol,Unknown,10500.0,USA,craigslist_newyork
2017 INFINITI QX80 4WD,Infiniti,2017,,Petrol,Unknown,14900.0,USA,craigslist_newyork
2017 BMW X5 35I X-DRIVE M-SPORT 3RD SEATS,BMW,2017,,Petrol,Unknown,16900.0,USA,craigslist_newyork
"2016 Porsche Cayenne V6 AWD Fully Loaded (Panorama, Camera, Navi)",Porsche,2016,,Petrol,Unknown,12990.0,USA,craigslist_newyork
2019 Ford Escape Se,Ford,2019,,Petrol,Unknown,7200.0,USA,craigslist_newyork
"2015 Mercedes-Benz GLA250 4Matic Fully Loaded (Panorama, Camera, Navi)",2015,2015,,Petrol,Unknown,9990.0,USA,craigslist_newyork
2017 Audi A4 allroad Prestige Wagon 4D - 97k miles,Audi,2017,,Petrol,Unknown,13999.0,USA,craigslist_newyork
2008 HONDA ACCORD EX V6,Honda,2008,,Petrol,Unknown,3999.0,USA,craigslist_newyork
MUST SELL ASAP!! 2024 Toyota Grand Highlander Storm Cloud Limited 8 Passenger Pa,Toyota,2024,,Petrol,Unknown,59500.0,USA,craigslist_newyork
2021 Tesla model 3  color white,Tesla,2021,,Petrol,Unknown,13500.0,USA,craigslist_newyork
2014 Ford Explorer Limited Original Owner,Ford,2014,,Petrol,Unknown,5200.0,USA,craigslist_newyork
2009 HONDA CIVIC EX-L Coupe,Honda,2009,,Petrol,Unknown,3995.0,USA,craigslist_newyork
Kia Rio 2009 low miles,Kia,2009,,Petrol,Unknown,2501.0,USA,craigslist_newyork
2019 mitsubishi mirage G4 Es,Mitsubishi,2019,,Petrol,Unknown,5200.0,USA,craigslist_newyork
2013 VOLKSWAGEN JETTA SE  122k miles 1500$ OBO,Volkswagen,2013,,Petrol,Unknown,1500.0,USA,craigslist_newyork
2006 GMC C5500 Cab Box Truck,GMC,2006,,Petrol,Unknown,10000.0,USA,craigslist_newyork
2017 Rav 4 Limited Hybrid,2017,2017,,Petrol,Unknown,24500.0,USA,craigslist_newyork
2020 Nissan Rogue SV – Gray – Clean Title – Great Condition,Nissan,2020,,Petrol,Unknown,17000.0,USA,craigslist_newyork
2016 Ford Fusion excellent condition,Ford,2016,,Petrol,Unknown,4900.0,USA,craigslist_newyork
2016 Nissan Altima fully loaded,Nissan,2016,,Petrol,Unknown,5500.0,USA,craigslist_newyork
2007 Acura RDX awd fully loaded turbo,Acura,2007,,Petrol,Unknown,3500.0,USA,craigslist_newyork
2012 HONDA CROSSTOUR EX-L V6 — Apple CarPlay • Backup Camera,Honda,2012,,Petrol,Unknown,6000.0,USA,craigslist_newyork
2014 ford e250 cargo van,Ford,2014,,Petrol,Unknown,4800.0,USA,craigslist_newyork
2005 BMW X5 Silver Exterior | Black Interior | Moonroof - Let’s go!,BMW,2005,,Petrol,Unknown,4500.0,USA,craigslist_newyork
2008 Acura TSX 4cyl runs good,Acura,2008,,Petrol,Unknown,1500.0,USA,craigslist_newyork
2004 international dt4300,2004,2004,,Petrol,Unknown,14000.0,USA,craigslist_newyork
"2005 Nissan Sentra 1.8S, 113k miles, clean title",Nissan,2005,,Petrol,Unknown,2800.0,USA,craigslist_newyork
2012 jeep wrangler,Jeep,2012,,Petrol,Unknown,11000.0,USA,craigslist_newyork
"2007 Jeep Grand Cherokee 1 Owner 110,000 Miles",Jeep,2007,,Petrol,Unknown,2100.0,USA,craigslist_newyork
2014 Chevy Traverse,Chevy,2014,,Petrol,Unknown,2500.0,USA,craigslist_newyork
2009 Honda Accord • LX Sedan 4D,Honda,2009,,Petrol,Unknown,4900.0,USA,craigslist_newyork
2013 Nissan rogue,Nissan,2013,,Petrol,Unknown,4100.0,USA,craigslist_newyork
2011 Nissan Murano SL,Nissan,2011,,Petrol,Unknown,4100.0,USA,craigslist_newyork
2002 Ford Taurus sedan,Ford,2002,,Petrol,Unknown,1250.0,USA,craigslist_newyork
1997 F350 Ford,Ford,1997,,Petrol,Unknown,28000.0,USA,craigslist_newyork
2000 GMC rack body truck,GMC,2000,,Petrol,Unknown,3500.0,USA,craigslist_newyork
"2021 Chevrolet suburban LT Sport Utility 54,000 miles",Chevrolet,2021,,Petrol,Unknown,19500.0,USA,craigslist_newyork
"2021 Toyota camry SE 47,280 miles",Toyota,2021,,Petrol,Unknown,10500.0,USA,craigslist_newyork
"2021 Nissan rogue SV 47,658 miles",Nissan,2021,,Petrol,Unknown,9000.0,USA,craigslist_newyork
2010 TOYOTA CAMRY,Toyota,2010,,Petrol,Unknown,999.0,USA,craigslist_newyork
"2015 Hyundai Accent.4dr liftback.Auto,All-power Runs NEW! Inspected!",Hyundai,2015,,Petrol,Unknown,3950.0,USA,craigslist_newyork
2023 VW TIGUAN,VW,2023,,Petrol,Unknown,19900.0,USA,craigslist_newyork
2013 TOYOTA PRIUS THREE,Toyota,2013,,Petrol,Unknown,9400.0,USA,craigslist_newyork
2015 Subaru Crosstrek · 2.0i Limited Sport Utility 4D,Subaru,2015,,Petrol,Unknown,7500.0,USA,craigslist_newyork
2014 Ford Police Interceptor Utility (FPIU),Ford,2014,,Petrol,Unknown,10200.0,USA,craigslist_newyork
2014 Toyota Corolla L/LE,Toyota,2014,,Petrol,Unknown,8999.0,USA,craigslist_newyork
2014 FORD FOCUS,Ford,2014,,Petrol,Unknown,3300.0,USA,craigslist_newyork
2017 BMW 540i XDRIVE,BMW,2017,,Petrol,Unknown,9500.0,USA,craigslist_newyork
2011 Ford Explorer,Ford,2011,,Petrol,Unknown,4999.0,USA,craigslist_newyork
2016 Nissan Rogue SL Sport,Nissan,2016,,Petrol,Unknown,10700.0,USA,craigslist_newyork
2013 Honda Civic EX-L Sedan,Honda,2013,,Petrol,Unknown,7900.0,USA,craigslist_newyork
2022,2022,2022,,Petrol,Unknown,17500.0,USA,craigslist_newyork
Nissan versa 2017 with 72k miles,Nissan,2017,,Petrol,Unknown,2450.0,USA,craigslist_newyork
2017 GMC SIERRA 4WD DENALI 85k miles,GMC,2017,,Petrol,Unknown,21500.0,USA,craigslist_newyork
2014 CHEVY EQUINOX ALL WHEEL DRIVE  MR DS AUTOMOBILES,Chevy,2014,,Petrol,Unknown,7490.0,USA,craigslist_newyork
2016  JEEP  GRAND CHEROKEE 4X4  MR DS AUTOMOBILES,Jeep,2016,,Petrol,Unknown,9900.0,USA,craigslist_newyork
2015 JEEP CHEROKEE   4X4  MR DS AUTOMOBILES,Jeep,2015,,Petrol,Unknown,8990.0,USA,craigslist_newyork
2015 JEEP COMPASS 4X4 MR DS AUTOMOBILES,Jeep,2015,,Petrol,Unknown,6990.0,USA,craigslist_newyork
2012 CHRYLER 200 LIMITED  MR DS AUTOMOBILES,2012,2012,,Petrol,Unknown,6900.0,USA,craigslist_newyork
2012 JEEP LIBERTY LIMITED 4X4 MR DS AUTOMOBILES,Jeep,2012,,Petrol,Unknown,6990.0,USA,craigslist_newyork
2017 Ford Escape Ecoboost SE,Ford,2017,,Petrol,Unknown,7499.0,USA,craigslist_newyork
2013 MAZDA 3  MR DS AUTOMOBILES,Mazda,2013,,Petrol,Unknown,6990.0,USA,craigslist_newyork
2017 CHEVY CRUZE HATCHBACK MR DS AUTOMOBILES,Chevy,2017,,Petrol,Unknown,8900.0,USA,craigslist_newyork
2015 JEEP RENEGADE 4X4  MR DS AUTOMOBILES,Jeep,2015,,Petrol,Unknown,7990.0,USA,craigslist_newyork
2017 CHEVY EQUINOX  MR DS AUTOMOBILES,Chevy,2017,,Petrol,Unknown,7900.0,USA,craigslist_newyork
2016 DODGE JOURNEY  MR DS AUTOMOBILES,Dodge,2016,,Petrol,Unknown,7900.0,USA,craigslist_newyork
2016 VW Tiguan SE 4 Motion,VW,2016,,Petrol,Unknown,7770.0,USA,craigslist_newyork
2013 Mercedes-Benz M-Class ML 350 4Matic AWD,2013,2013,,Petrol,Unknown,9100.0,USA,craigslist_newyork
2000 lexus es300,Lexus,2000,,Petrol,Unknown,1200.0,USA,craigslist_newyork
2020 Ford transit Connect wheelchair  160k. Bla,Ford,2020,,Petrol,Unknown,15500.0,USA,craigslist_newyork
2005 Honda Civic Coupe,Honda,2005,,Petrol,Unknown,2800.0,USA,craigslist_newyork
Acura ilx 2013,Acura,2013,,Petrol,Unknown,8000.0,USA,craigslist_newyork
2009 Nissan Versa Sedan (106k Miles),Nissan,2009,,Petrol,Unknown,2450.0,USA,craigslist_newyork
2006 Toyota 4runner for sale,Toyota,2006,,Petrol,Unknown,10000.0,USA,craigslist_newyork
2013 Volkswagen Jetta,Volkswagen,2013,,Petrol,Unknown,3900.0,USA,craigslist_newyork
BMW X3 2014,BMW,2014,,Petrol,Unknown,7500.0,USA,craigslist_newyork
2005 Toyota Rav4,Toyota,2005,,Petrol,Unknown,3880.0,USA,craigslist_newyork
2011 Toyota Corolla LE,Toyota,2011,,Petrol,Unknown,8659.0,USA,craigslist_newyork
2003 Honda CRV LX ONLY 112K MILES ALL ORIGINAL,Honda,2003,,Petrol,Unknown,3950.0,USA,craigslist_newyork
2013 ford E250 xlt Extended ....Cargo Van,Ford,2013,,Petrol,Unknown,3500.0,USA,craigslist_newyork
2018 Dodge Grand Caravan SXT Excellent Condition 1-Owner!,Dodge,2018,,Petrol,Unknown,8500.0,USA,craigslist_newyork
2015 ford explorer xlt sport,Ford,2015,,Petrol,Unknown,11900.0,USA,craigslist_newyork
2005 Toyota Camry 100k Miles One Owner 4 Cylinder Great On Gas,Toyota,2005,,Petrol,Unknown,2650.0,USA,craigslist_newyork
2018 Ford Explorer Platinum,Ford,2018,,Petrol,Unknown,12500.0,USA,craigslist_newyork
2005 GMC Yukon Denali XL,GMC,2005,,Petrol,Unknown,4000.0,USA,craigslist_newyork
2019 Honda Pilot EX-L,Honda,2019,,Petrol,Unknown,13900.0,USA,craigslist_newyork
2012 Subaru Impreza,Subaru,2012,,Petrol,Unknown,5300.0,USA,craigslist_newyork
2017 Toyota Rav- Le. 180k   1st OWNER,Toyota,2017,,Petrol,Unknown,7900.0,USA,craigslist_newyork
2010 Chevy Silverado extended cab Z 71,Chevy,2010,,Petrol,Unknown,3500.0,USA,craigslist_newyork
2006 Cadillac CTS,Cadillac,2006,,Petrol,Unknown,2400.0,USA,craigslist_newyork
2007 TOYOTA COROLLA runs and drives good,Toyota,2007,,Petrol,Unknown,3650.0,USA,craigslist_newyork
2012 Toyota Rav 4,Toyota,2012,,Petrol,Unknown,5000.0,USA,craigslist_newyork
2007 Silverado 2500,2007,2007,,Petrol,Unknown,3500.0,USA,craigslist_newyork
2019 Mercedes-Benz Cargo Sprinter 2500,2019,2019,,Petrol,Unknown,16000.0,USA,craigslist_newyork
2019 Chevrolet suburban,Chevrolet,2019,,Petrol,Unknown,13000.0,USA,craigslist_newyork
2018 Toyota corolla,Toyota,2018,,Petrol,Unknown,12400.0,USA,craigslist_newyork
2003 Toyota 4Runner,Toyota,2003,,Petrol,Unknown,9500.0,USA,craigslist_newyork
2012 Ford e250 van,Ford,2012,,Petrol,Unknown,13000.0,USA,craigslist_newyork
2012 Mercedes Benz E550 Convertible,Mercedes,2012,,Petrol,Unknown,6000.0,USA,craigslist_newyork
2006 Chevy C5500 Rollback For Sale,Chevy,2006,,Petrol,Unknown,30000.0,USA,craigslist_newyork
2014 Nissan MURANO SL. CLEAN!!✅️,Nissan,2014,,Petrol,Unknown,3900.0,USA,craigslist_newyork
2020 Toyota 4Runner TRD Off Road,Toyota,2020,,Petrol,Unknown,34650.0,USA,craigslist_newyork
2016 Audi A4 2.0 Quattro premium plus,Audi,2016,,Petrol,Unknown,9780.0,USA,craigslist_newyork
2013 VW Passat TDI SE,VW,2013,,Petrol,Unknown,2500.0,USA,craigslist_newyork
2016 Jeep Renegade,Jeep,2016,,Petrol,Unknown,2800.0,USA,craigslist_newyork
2004 Chevrolet Express Cutaway 3500 Cutaway Van,Chevrolet,2004,,Petrol,Unknown,14500.0,USA,craigslist_newyork
2011 FORD EXPLORER LIMITED,Ford,2011,,Petrol,Unknown,3995.0,USA,craigslist_newyork
2019 Ram ProMaster City !!! Excellent Condition!!!,Ram,2019,,Petrol,Unknown,10700.0,USA,craigslist_newyork
2015 Acura MDX SH -awd!!! Excellent Condition,Acura,2015,,Petrol,Unknown,10700.0,USA,craigslist_newyork
2019 Nissan Sentra S,Nissan,2019,,Petrol,Unknown,6500.0,USA,craigslist_newyork
2009 Volkswagen Jetta Sedan Wolfsburg Edition Low miles,Volkswagen,2009,,Petrol,Unknown,4300.0,USA,craigslist_newyork
2013 Ford Escape SE AWD,Ford,2013,,Petrol,Unknown,4500.0,USA,craigslist_newyork
2014 Honda Crv Awd 168k 1 owner,Honda,2014,,Petrol,Unknown,8500.0,USA,craigslist_newyork
2015 toyota Avalon LE,Toyota,2015,,Petrol,Unknown,10000.0,USA,craigslist_newyork
2016 Mazda 3,Mazda,2016,,Petrol,Unknown,5800.0,USA,craigslist_newyork
Must See: 2012 Subaru Legacy 2.5 Liter (Gas Saver) Excel Condition,Subaru,2012,,Petrol,Unknown,2450.0,USA,craigslist_newyork
honda 2000,Honda,2000,,Petrol,Unknown,1650.0,USA,craigslist_newyork
2006 Honda Odyssey Low Miles!!,Honda,2006,,Petrol,Unknown,4950.0,USA,craigslist_newyork
2014 Honda Civic SI - Manual Transmission- FOR SALE,Honda,2014,,Petrol,Unknown,16500.0,USA,craigslist_newyork
2004 E Series Cutaway Utility Box Van with Aluminum Ramp to transport,2004,2004,,Petrol,Unknown,11500.0,USA,craigslist_newyork
2010 GMC TERRAIN SLT-1,GMC,2010,,Petrol,Unknown,3995.0,USA,craigslist_newyork
2014 Ford Focus,Ford,2014,,Petrol,Unknown,1350.0,USA,craigslist_newyork
2012 Audi Q5,Audi,2012,,Petrol,Unknown,6800.0,USA,craigslist_newyork
2012 Jeep Wrangler Sport 2 Door runs like new,Jeep,2012,,Petrol,Unknown,3900.0,USA,craigslist_newyork
2016 NISSAN ROGUE SV AWD 1 OWNER  NEW LOW MILES  QUICK SALE $8499,Nissan,2016,,Petrol,Unknown,8499.0,USA,craigslist_newyork
2016 Ford Transit Connect LBW Extended 97K miles,Ford,2016,,Petrol,Unknown,7800.0,USA,craigslist_newyork
2016 Dodge Dart sxt runs excellent looks good all power automatic,Dodge,2016,,Petrol,Unknown,2000.0,USA,craigslist_newyork
2020 Honda Odyssay EX-L,Honda,2020,,Petrol,Unknown,17300.0,USA,craigslist_newyork
2018 Honda CR-V EX,Honda,2018,,Petrol,Unknown,14500.0,USA,craigslist_newyork
2014 KIA OPTIMA SXL TURBO,Kia,2014,,Petrol,Unknown,9500.0,USA,craigslist_newyork
2009 Nissan Murano S AWD SUV $4500,Nissan,2009,,Petrol,Unknown,4500.0,USA,craigslist_newyork
2023 Tesla Model Y,Tesla,2023,,Petrol,Unknown,25000.0,USA,craigslist_newyork
Honda Civic Lx 2019,Honda,2019,,Petrol,Unknown,10900.0,USA,craigslist_newyork
TAKE IT TODAY************2011 INFINITI G37X AWD 4DR SEDAN ************,Infiniti,2011,,Petrol,Unknown,3000.0,USA,craigslist_newyork
2017 DODGE GRAND CARAVAN SXT PLUS 95K MILES $5500,Dodge,2017,,Petrol,Unknown,5500.0,USA,craigslist_newyork
2009 Honda fit Hatchback,Honda,2009,,Petrol,Unknown,2395.0,USA,craigslist_newyork
2009 Chevrolet Equinox LTZ,Chevrolet,2009,,Petrol,Unknown,1895.0,USA,craigslist_newyork
2020 jeep grand Cherokee Trailhawk,Jeep,2020,,Petrol,Unknown,23500.0,USA,craigslist_newyork
*********2005 DODGE RAM 1500 V8 (CREWCAB)(CUSTOM)PICKUP TRUCK******,Dodge,2005,,Petrol,Unknown,2500.0,USA,craigslist_newyork
2009 CL550 4Matic fully loaded p3 Package runs great looks beautiful,2009,2009,,Petrol,Unknown,7400.0,USA,craigslist_newyork
2015 Honda Pilot EX-L 4WD Fully Loaded,Honda,2015,,Petrol,Unknown,9900.0,USA,craigslist_newyork
Nissan Sentra sedan 2007,Nissan,2007,,Petrol,Unknown,2500.0,USA,craigslist_newyork
2015 INFINITI Q40 Sedan 4D,Infiniti,2015,,Petrol,Unknown,9300.0,USA,craigslist_newyork
2016 Hyundai Sonata Sport Sedan,Hyundai,2016,,Petrol,Unknown,8700.0,USA,craigslist_newyork
2010 Toyota Prius IV,Toyota,2010,,Petrol,Unknown,9500.0,USA,craigslist_newyork
2013 Kia Soul,Kia,2013,,Petrol,Unknown,5700.0,USA,craigslist_newyork
2011 BMW 328 for aale,BMW,2011,,Petrol,Unknown,5000.0,USA,craigslist_newyork
2014 GMC Yukon,GMC,2014,,Petrol,Unknown,6000.0,USA,craigslist_newyork
2018 Porsche Panamera 4 Base Hybrid,Porsche,2018,,Petrol,Unknown,32900.0,USA,craigslist_newyork
2009 Kia Rio Low Miles!,Kia,2009,,Petrol,Unknown,2900.0,USA,craigslist_newyork
2010 Toyota Rav 4 Low Miles!,Toyota,2010,,Petrol,Unknown,5800.0,USA,craigslist_newyork
2015 Kia Forte GDI EX Low miles!,Kia,2015,,Petrol,Unknown,4000.0,USA,craigslist_newyork
2011 Nissan Juke V4 Low Miles!,Nissan,2011,,Petrol,Unknown,4000.0,USA,craigslist_newyork
2011 Nissan Versa Low Miles!,Nissan,2011,,Petrol,Unknown,3000.0,USA,craigslist_newyork
2007 Hyundai Sonata 79K Miles!,Hyundai,2007,,Petrol,Unknown,4000.0,USA,craigslist_newyork
2013 Honda CRV 88K miles!,Honda,2013,,Petrol,Unknown,10000.0,USA,craigslist_newyork
"2013 BMW 328i XDrive 61,000 Miles!",BMW,2013,,Petrol,Unknown,9500.0,USA,craigslist_newyork
2009 Nissan Rogue Fulled Loaded 4WD,Nissan,2009,,Petrol,Unknown,3500.0,USA,craigslist_newyork
2009 Lexus Rx 350 Low miles! AWD,Lexus,2009,,Petrol,Unknown,6000.0,USA,craigslist_newyork
2015 Subaru Outback AWD Premium,Subaru,2015,,Petrol,Unknown,5500.0,USA,craigslist_newyork
2001 Honda Civic Low Miles!,Honda,2001,,Petrol,Unknown,3900.0,USA,craigslist_newyork
2015 Infiniti Q40,Infiniti,2015,,Petrol,Unknown,3200.0,USA,craigslist_newyork
2007 Toyota Corolla for sale by owner,Toyota,2007,,Petrol,Unknown,2395.0,USA,craigslist_newyork
"2022 Acura ILX Sedan 4D - 50,075 Miles - Red Leather Interior - Clean",Acura,2022,,Petrol,Unknown,22800.0,USA,craigslist_newyork
VOLVO S60 T5 2014,Volvo,2014,,Petrol,Unknown,4400.0,USA,craigslist_newyork
2020 Jeep Grand Cherokee,Jeep,2020,,Petrol,Unknown,18900.0,USA,craigslist_newyork
Mint 2002 Chevy Corvette,Chevy,2002,,Petrol,Unknown,15950.0,USA,craigslist_newyork
2010 bmw 650i convertible,BMW,2010,,Petrol,Unknown,8500.0,USA,craigslist_newyork
2017 Toyota Corolla,Toyota,2017,,Petrol,Unknown,9000.0,USA,craigslist_newyork
2008 BMW 550i MSport 89k,BMW,2008,,Petrol,Unknown,9000.0,USA,craigslist_newyork
2016 528i BMW Sedan 4D,BMW,2016,,Petrol,Unknown,12000.0,USA,craigslist_newyork
2018 TOYOTA RAV 4 XLE AWD BLACK BEAUTY $9999,Toyota,2018,,Petrol,Unknown,9999.0,USA,craigslist_newyork
2016 Didge Grand Caravan SXT,2016,2016,,Petrol,Unknown,4750.0,USA,craigslist_newyork
2017 toyota sienna xle,Toyota,2017,,Petrol,Unknown,14500.0,USA,craigslist_newyork
2007 TOYOTA CAMRY HYBRID,Toyota,2007,,Petrol,Unknown,2750.0,USA,craigslist_newyork
Smart car For two 2016,Smart,2016,,Petrol,Unknown,10000.0,USA,craigslist_newyork
2012 Volvo xc70 T6 awd 3.2 super clean,Volvo,2012,,Petrol,Unknown,2999.0,USA,craigslist_newyork
2007 Dodge Ram 1500 Pickup,Dodge,2007,,Petrol,Unknown,6500.0,USA,craigslist_newyork
2022 Kia Forte FE,Kia,2022,,Petrol,Unknown,9500.0,USA,craigslist_newyork
HONDA ODISSEY EX  2015,Honda,2015,,Petrol,Unknown,12950.0,USA,craigslist_newyork
2005 Nissan Murano SL AWD. 1 Owner! Very low Miles! Very reliable SUV,Nissan,2005,,Petrol,Unknown,4500.0,USA,craigslist_newyork
2020 Nissan Rogue sv,Nissan,2020,,Petrol,Unknown,10900.0,USA,craigslist_newyork
2019 gmc terrain ale awd,GMC,2019,,Petrol,Unknown,10900.0,USA,craigslist_newyork
2017 Acura mdx,Acura,2017,,Petrol,Unknown,10900.0,USA,craigslist_newyork
2019 Infiniti qx50 awd,Infiniti,2019,,Petrol,Unknown,10900.0,USA,craigslist_newyork
2018 Infiniti qx60,Infiniti,2018,,Petrol,Unknown,8900.0,USA,craigslist_newyork
2018 nissan rogue sv,Nissan,2018,,Petrol,Unknown,8900.0,USA,craigslist_newyork
2019 nissan murano platinum,Nissan,2019,,Petrol,Unknown,13900.0,USA,craigslist_newyork
2017 ford explorer limited,Ford,2017,,Petrol,Unknown,8900.0,USA,craigslist_newyork
2017 ford explorer xlt,Ford,2017,,Petrol,Unknown,9900.0,USA,craigslist_newyork
2017 Nissan rogue sports sl,Nissan,2017,,Petrol,Unknown,8900.0,USA,craigslist_newyork
2018 jeep grand Cherokee overland,Jeep,2018,,Petrol,Unknown,12500.0,USA,craigslist_newyork
2021 dodge charger,Dodge,2021,,Petrol,Unknown,12900.0,USA,craigslist_newyork
2016 jeep grand Cherokee overland,Jeep,2016,,Petrol,Unknown,10900.0,USA,craigslist_newyork
2018 dodge ram crew cab pickup,Dodge,2018,,Petrol,Unknown,14900.0,USA,craigslist_newyork
2022 Chevy trailblazer lt,Chevy,2022,,Petrol,Unknown,14900.0,USA,craigslist_newyork
2011 Chevy Colorado,Chevy,2011,,Petrol,Unknown,4500.0,USA,craigslist_newyork
2012 Lexus RX350,Lexus,2012,,Petrol,Unknown,8500.0,USA,craigslist_newyork
2013 Toyota Prius,Toyota,2013,,Petrol,Unknown,4900.0,USA,craigslist_newyork
2019 Chevrolet Silverado,Chevrolet,2019,,Petrol,Unknown,14500.0,USA,craigslist_newyork
2009 Mercedes ML 350,Mercedes,2009,,Petrol,Unknown,3900.0,USA,craigslist_newyork
2008 INFINITI EX35 4WD GOLD COLOR,Infiniti,2008,,Petrol,Unknown,2999.0,USA,craigslist_newyork
2012 Mercedes Benz E550 Convertible,Mercedes,2012,,Petrol,Unknown,6000.0,USA,craigslist_newyork
1995 Buick LeSabre 86K Miles,Buick,1995,,Petrol,Unknown,3000.0,USA,craigslist_newyork
2007 Subaru Impreza Sport,Subaru,2007,,Petrol,Unknown,1800.0,USA,craigslist_newyork
2013 misubishi outlander,2013,2013,,Petrol,Unknown,3999.0,USA,craigslist_newyork
2025 TOYOTA CAMRY LE HYBRID 45K MILES,Toyota,2025,,Petrol,Unknown,24000.0,USA,craigslist_newyork
Look 2008 mercedes s550 4matic AWD,Mercedes,2008,,Petrol,Unknown,2500.0,USA,craigslist_newyork
Honda accord Ex-L 2005,Honda,2005,,Petrol,Unknown,2600.0,USA,craigslist_newyork
2011 Toyota Rav4 For Sell,Toyota,2011,,Petrol,Unknown,7800.0,USA,craigslist_newyork
2005 TOYOTA RAV4 SPORT 4 DOOR WAGON/SPORT UTILITY,Toyota,2005,,Petrol,Unknown,5995.0,USA,craigslist_newyork
2014 ford escape titanium fully loaded,Ford,2014,,Petrol,Unknown,5500.0,USA,craigslist_newyork
1998 Porsche Red Boxster Convertible,Porsche,1998,,Petrol,Unknown,5500.0,USA,craigslist_newyork
"2019 Ram 1500 Big Horn/Lone Star 4x4 Crew Cab 5'7"" Box",Ram,2019,,Petrol,Unknown,22000.0,USA,craigslist_newyork
2006 Toyota Corolla ce 4-dr,Toyota,2006,,Petrol,Unknown,2900.0,USA,craigslist_newyork
2014 Mazda 6 Grand Touring Toyota Honda,Mazda,2014,,Petrol,Unknown,3250.0,USA,craigslist_newyork
2014 Chrysler Town & Country 30Anniv Luxury Minivan,Chrysler,2014,,Petrol,Unknown,6200.0,USA,craigslist_newyork
2008 Ford explorer,Ford,2008,,Petrol,Unknown,999.0,USA,craigslist_newyork
2011 Nissan quest SV minivan super clean!!!,Nissan,2011,,Petrol,Unknown,4900.0,USA,craigslist_newyork
2012 Jaguar XJ,2012,2012,,Petrol,Unknown,10000.0,USA,craigslist_newyork
"2015 Chevrolet Tahoe LS 4X4 , runs great , title on hand.",Chevrolet,2015,,Petrol,Unknown,11000.0,USA,craigslist_newyork
2017 Toyota Camry LE. only One Camry  left,Toyota,2017,,Petrol,Unknown,3900.0,USA,craigslist_newyork
Selling a 2012 Nissan Juke SV with All-Wheel Drive (AWD).,Nissan,2012,,Petrol,Unknown,1400.0,USA,craigslist_newyork
2014 ford e250 cargo van,Ford,2014,,Petrol,Unknown,4900.0,USA,craigslist_newyork
Turnkey 2007 Chevrolet Express Mobile Detailing Van – Fully Equipped,Chevrolet,2007,,Petrol,Unknown,7500.0,USA,craigslist_newyork
2002 Mercedes Benz E320 4Matic,Mercedes,2002,,Petrol,Unknown,3500.0,USA,craigslist_newyork
2013 Lexus RX 350 Low Miles 1-Owner!,Lexus,2013,,Petrol,Unknown,16500.0,USA,craigslist_newyork
2018 Honda Accord Touring,Honda,2018,,Petrol,Unknown,13500.0,USA,craigslist_newyork
"2019 Ford transit 350 hd cargo van High Roof 45,000 miles",Ford,2019,,Petrol,Unknown,7500.0,USA,craigslist_newyork
"2019 Honda accord SE Sedan 4D 41,890 miles",Honda,2019,,Petrol,Unknown,8000.0,USA,craigslist_newyork
2010 Toyota Camry Hybrid,Toyota,2010,,Petrol,Unknown,2700.0,USA,craigslist_newyork
2016 KIA Sedona minivan,Kia,2016,,Petrol,Unknown,7500.0,USA,craigslist_newyork
2008 Ford f250 SD 4x4,Ford,2008,,Petrol,Unknown,4000.0,USA,craigslist_newyork
2010 Audi A8 L 4.2 for sale,Audi,2010,,Petrol,Unknown,3100.0,USA,craigslist_newyork
2011 Chrysler 200 Convertible Limited for sale,Chrysler,2011,,Petrol,Unknown,4900.0,USA,craigslist_newyork
2018 Hyundai Santa Fe Sport 2.0T Ultimate Sport Utility 4D AWD/4WD,Hyundai,2018,,Petrol,Unknown,15425.0,USA,craigslist_newyork
2006 ford f350 diesel,Ford,2006,,Petrol,Unknown,6500.0,USA,craigslist_newyork
2020 jeep wrangler freedom Oscar Mike w/zurich warranty,Jeep,2020,,Petrol,Unknown,27999.0,USA,craigslist_newyork
2022 toyota camry se low miles,Toyota,2022,,Petrol,Unknown,23500.0,USA,craigslist_newyork
2020 Ford transit high roof,Ford,2020,,Petrol,Unknown,21500.0,USA,craigslist_newyork
2006 Altima 3.5,2006,2006,,Petrol,Unknown,1499.0,USA,craigslist_newyork
2009 Nissan Rogue,Nissan,2009,,Petrol,Unknown,1350.0,USA,craigslist_newyork
2008 volvo Xc 90 v8,Volvo,2008,,Petrol,Unknown,6999.0,USA,craigslist_newyork
2010 Acura TL Tech Package,Acura,2010,,Petrol,Unknown,5500.0,USA,craigslist_newyork
1997 Chevrolet K 1500 Cheyenne,Chevrolet,1997,,Petrol,Unknown,4900.0,USA,craigslist_newyork
2005 Land Rover LR3,Land,2005,,Petrol,Unknown,1800.0,USA,craigslist_newyork
2007 FREIGHTLINER M2 ROLL OFF TRUCK,2007,2007,,Petrol,Unknown,38000.0,USA,craigslist_newyork
2015 Audi A6 3.0T Premium Quattro Sedan,Audi,2015,,Petrol,Unknown,6299.0,USA,craigslist_newyork
2018 Nissan Maxima,Nissan,2018,,Petrol,Unknown,11499.0,USA,craigslist_newyork
2020 TESLA MODEL 3 SR PLUS 81K MILES $13500,Tesla,2020,,Petrol,Unknown,13500.0,USA,craigslist_newyork
2013 TOYOTA SIENNA LE 97K MILES $7500,Toyota,2013,,Petrol,Unknown,7500.0,USA,craigslist_newyork
2017 TOYOTA CAMRY SE EDITION 104K MILES $7500,Toyota,2017,,Petrol,Unknown,7500.0,USA,craigslist_newyork
2018 NISSAN ALTIMA SV,Nissan,2018,,Petrol,Unknown,5499.0,USA,craigslist_newyork
2009 Volkswagen Eos 2.0T,Volkswagen,2009,,Petrol,Unknown,3400.0,USA,craigslist_newyork
2010 Toyota Sienna XLE Braunability Wheelchair Van,Toyota,2010,,Petrol,Unknown,20500.0,USA,craigslist_newyork
2013 Cadillac Escalade For Sale,Cadillac,2013,,Petrol,Unknown,13000.0,USA,craigslist_newyork
2003 Ford Focus for Sale,Ford,2003,,Petrol,Unknown,2500.0,USA,craigslist_newyork
Toyota Corolla 2014,Toyota,2014,,Petrol,Unknown,4200.0,USA,craigslist_newyork
"2006 RAV4 / 98,000 Miles For Sell",2006,2006,,Petrol,Unknown,6800.0,USA,craigslist_newyork
2017 Lexus NX 200t,Lexus,2017,,Petrol,Unknown,23000.0,USA,craigslist_newyork
2012 subaru outback,Subaru,2012,,Petrol,Unknown,3000.0,USA,craigslist_newyork
2014 Honda Odyssey EX-L Fully Fully Loaded,Honda,2014,,Petrol,Unknown,10900.0,USA,craigslist_newyork
2006 Honda CR-V EX,Honda,2006,,Petrol,Unknown,2300.0,USA,craigslist_newyork
2010 Nissan Rogue SL AWD runs great looks beautiful,Nissan,2010,,Petrol,Unknown,2100.0,USA,craigslist_newyork
Nissan Altima 2012,Nissan,2012,,Petrol,Unknown,3500.0,USA,craigslist_newyork
Acura MDX 2020,Acura,2020,,Petrol,Unknown,9000.0,USA,craigslist_newyork
Nissan versa SV 2015,Nissan,2015,,Petrol,Unknown,3500.0,USA,craigslist_newyork
Toyota Camry 2002,Toyota,2002,,Petrol,Unknown,2500.0,USA,craigslist_newyork
Hyundai Santa Fe 2012,Hyundai,2012,,Petrol,Unknown,2800.0,USA,craigslist_newyork
2019 Hyundai Sonata SE,Hyundai,2019,,Petrol,Unknown,9995.0,USA,craigslist_newyork
This 2017 black Toyota Sienna LE is in excellent condition,Toyota,2017,,Petrol,Unknown,6800.0,USA,craigslist_newyork
2016 Dodge Dart 140k miles good condition no parts replaced,Dodge,2016,,Petrol,Unknown,4000.0,USA,craigslist_newyork
2017 Nissan Rogue SV,Nissan,2017,,Petrol,Unknown,6950.0,USA,craigslist_newyork
2010 Dodge Grand Caravan,Dodge,2010,,Petrol,Unknown,3300.0,USA,craigslist_newyork
2008 Mercury Grand Marquis LS - SUNROOF,2008,2008,,Petrol,Unknown,10200.0,USA,craigslist_newyork
2011 Infinity M37X  for sale,2011,2011,,Petrol,Unknown,5100.0,USA,craigslist_newyork
2003 Toyota camry  le,Toyota,2003,,Petrol,Unknown,1900.0,USA,craigslist_newyork
2008 Honda Civic EX Coupe in silver - 179K miles,Honda,2008,,Petrol,Unknown,4900.0,USA,craigslist_newyork
2022 Ford Explorer Police interceptor Hybrid AWD,Ford,2022,,Petrol,Unknown,19900.0,USA,craigslist_newyork
2008 Infiniti G37 Journey Coupe,Infiniti,2008,,Petrol,Unknown,6500.0,USA,craigslist_newyork
"2009 Toyota Corolla LE 70,000 miles 1 Owner",Toyota,2009,,Petrol,Unknown,9000.0,USA,craigslist_newyork
2002 toyota camry,Toyota,2002,,Petrol,Unknown,1000.0,USA,craigslist_newyork
2006 Subaru Outback LL BEAN EDITION,Subaru,2006,,Petrol,Unknown,2000.0,USA,craigslist_newyork
2009 Volkswagen Jetta Loaded,Volkswagen,2009,,Petrol,Unknown,2500.0,USA,craigslist_newyork
2014 Ford E250 cargo van ***ONLY 117k MILES / EXCELLENT CONDITION***,Ford,2014,,Petrol,Unknown,8500.0,USA,craigslist_newyork
2003 toyota matrix xr awd for sale,Toyota,2003,,Petrol,Unknown,1850.0,USA,craigslist_newyork
2010 Lexus Es-350,Lexus,2010,,Petrol,Unknown,12500.0,USA,craigslist_newyork
2012 chevrolet volt premier,Chevrolet,2012,,Petrol,Unknown,5900.0,USA,craigslist_newyork
"2019 BMW X5 xDrive40i AWD Fully Loaded (Camera, Panorama, Navi)",BMW,2019,,Petrol,Unknown,20990.0,USA,craigslist_newyork
2011 Nissan Murano Loaded,Nissan,2011,,Petrol,Unknown,2500.0,USA,craigslist_newyork
2018 Volkswagen Tiguan Limited 4Motion AWD 4 Cylinder,Volkswagen,2018,,Petrol,Unknown,6500.0,USA,craigslist_newyork
2012 Toyota Corolla,Toyota,2012,,Petrol,Unknown,6200.0,USA,craigslist_newyork
2013 Mercedes benz s 550,Mercedes,2013,,Petrol,Unknown,11600.0,USA,craigslist_newyork
2014 Nissan Juke like new,Nissan,2014,,Petrol,Unknown,2900.0,USA,craigslist_newyork
2014 Jeep Grand Cherokee,Jeep,2014,,Petrol,Unknown,7700.0,USA,craigslist_newyork
GMC Sierra 4X4 2011,GMC,2011,,Petrol,Unknown,5300.0,USA,craigslist_newyork
"2017 Mercedes-Benz E300 Sport 4Matic Fully Loaded (Panorama, Camera)",2017,2017,,Petrol,Unknown,14500.0,USA,craigslist_newyork
2010 Volkswagen Tiguen for SALE (AS IS),Volkswagen,2010,,Petrol,Unknown,4000.0,USA,craigslist_newyork
"2018 Jaguar F-Pace 25t Premium Fully Loaded (Panorama, Camera, Navi)",2018,2018,,Petrol,Unknown,9990.0,USA,craigslist_newyork
2016 mercedes benz e350,Mercedes,2016,,Petrol,Unknown,9999.0,USA,craigslist_newyork
1992 Camry,1992,1992,,Petrol,Unknown,1500.0,USA,craigslist_newyork
2016 Mercedes benz glc300 fully loaded,Mercedes,2016,,Petrol,Unknown,12250.0,USA,craigslist_newyork
2021 Honda CR-V  EX Excellent condition Only 15k miles,Honda,2021,,Petrol,Unknown,19250.0,USA,craigslist_newyork
"2018 Audi SQ5 Prestige Quattro Fully Loaded (Panorama, 360 cams)",Audi,2018,,Petrol,Unknown,15990.0,USA,craigslist_newyork
"2018 Jaguar XE 25t Premium AWD Fully Loaded (Camera, Blind Spots, Navi",2018,2018,,Petrol,Unknown,8990.0,USA,craigslist_newyork
"2016 Volvo XC90 T6 Momentum Fully Loaded (360 Cam, Navi, Panorama)",Volvo,2016,,Petrol,Unknown,11990.0,USA,craigslist_newyork
2020 FORD EXPLORER LIMITED 4WD,Ford,2020,,Petrol,Unknown,19900.0,USA,craigslist_newyork
"2019 Audi A4 Quattro Premium Plus Fully Loaded (Camera, Navi, Sunroof)",Audi,2019,,Petrol,Unknown,10500.0,USA,craigslist_newyork
2017 INFINITI QX80 4WD,Infiniti,2017,,Petrol,Unknown,14900.0,USA,craigslist_newyork
2017 BMW X5 35I X-DRIVE M-SPORT 3RD SEATS,BMW,2017,,Petrol,Unknown,16900.0,USA,craigslist_newyork
"2016 Porsche Cayenne V6 AWD Fully Loaded (Panorama, Camera, Navi)",Porsche,2016,,Petrol,Unknown,12990.0,USA,craigslist_newyork
2019 Ford Escape Se,Ford,2019,,Petrol,Unknown,7200.0,USA,craigslist_newyork
"2015 Mercedes-Benz GLA250 4Matic Fully Loaded (Panorama, Camera, Navi)",2015,2015,,Petrol,Unknown,9990.0,USA,craigslist_newyork
2017 Audi A4 allroad Prestige Wagon 4D - 97k miles,Audi,2017,,Petrol,Unknown,13999.0,USA,craigslist_newyork
2008 HONDA ACCORD EX V6,Honda,2008,,Petrol,Unknown,3999.0,USA,craigslist_newyork
MUST SELL ASAP!! 2024 Toyota Grand Highlander Storm Cloud Limited 8 Passenger Pa,Toyota,2024,,Petrol,Unknown,59500.0,USA,craigslist_newyork
2021 Tesla model 3  color white,Tesla,2021,,Petrol,Unknown,13500.0,USA,craigslist_newyork
2014 Ford Explorer Limited Original Owner,Ford,2014,,Petrol,Unknown,5200.0,USA,craigslist_newyork
2009 HONDA CIVIC EX-L Coupe,Honda,2009,,Petrol,Unknown,3995.0,USA,craigslist_newyork
Kia Rio 2009 low miles,Kia,2009,,Petrol,Unknown,2501.0,USA,craigslist_newyork
2019 mitsubishi mirage G4 Es,Mitsubishi,2019,,Petrol,Unknown,5200.0,USA,craigslist_newyork
2013 VOLKSWAGEN JETTA SE  122k miles 1500$ OBO,Volkswagen,2013,,Petrol,Unknown,1500.0,USA,craigslist_newyork
2006 GMC C5500 Cab Box Truck,GMC,2006,,Petrol,Unknown,10000.0,USA,craigslist_newyork
2017 Rav 4 Limited Hybrid,2017,2017,,Petrol,Unknown,24500.0,USA,craigslist_newyork
2020 Nissan Rogue SV – Gray – Clean Title – Great Condition,Nissan,2020,,Petrol,Unknown,17000.0,USA,craigslist_newyork
2016 Ford Fusion excellent condition,Ford,2016,,Petrol,Unknown,4900.0,USA,craigslist_newyork
2016 Nissan Altima fully loaded,Nissan,2016,,Petrol,Unknown,5500.0,USA,craigslist_newyork
2007 Acura RDX awd fully loaded turbo,Acura,2007,,Petrol,Unknown,3500.0,USA,craigslist_newyork
2012 HONDA CROSSTOUR EX-L V6 — Apple CarPlay • Backup Camera,Honda,2012,,Petrol,Unknown,6000.0,USA,craigslist_newyork
2014 ford e250 cargo van,Ford,2014,,Petrol,Unknown,4800.0,USA,craigslist_newyork
2005 BMW X5 Silver Exterior | Black Interior | Moonroof - Let’s go!,BMW,2005,,Petrol,Unknown,4500.0,USA,craigslist_newyork
2008 Acura TSX 4cyl runs good,Acura,2008,,Petrol,Unknown,1500.0,USA,craigslist_newyork
2004 international dt4300,2004,2004,,Petrol,Unknown,14000.0,USA,craigslist_newyork
"2005 Nissan Sentra 1.8S, 113k miles, clean title",Nissan,2005,,Petrol,Unknown,2800.0,USA,craigslist_newyork
2012 jeep wrangler,Jeep,2012,,Petrol,Unknown,11000.0,USA,craigslist_newyork
"2007 Jeep Grand Cherokee 1 Owner 110,000 Miles",Jeep,2007,,Petrol,Unknown,2100.0,USA,craigslist_newyork
2014 Chevy Traverse,Chevy,2014,,Petrol,Unknown,2500.0,USA,craigslist_newyork
2009 Honda Accord • LX Sedan 4D,Honda,2009,,Petrol,Unknown,4900.0,USA,craigslist_newyork
2013 Nissan rogue,Nissan,2013,,Petrol,Unknown,4100.0,USA,craigslist_newyork
2011 Nissan Murano SL,Nissan,2011,,Petrol,Unknown,4100.0,USA,craigslist_newyork
2002 Ford Taurus sedan,Ford,2002,,Petrol,Unknown,1250.0,USA,craigslist_newyork
1997 F350 Ford,Ford,1997,,Petrol,Unknown,28000.0,USA,craigslist_newyork
2000 GMC rack body truck,GMC,2000,,Petrol,Unknown,3500.0,USA,craigslist_newyork
"2021 Chevrolet suburban LT Sport Utility 54,000 miles",Chevrolet,2021,,Petrol,Unknown,19500.0,USA,craigslist_newyork
"2021 Toyota camry SE 47,280 miles",Toyota,2021,,Petrol,Unknown,10500.0,USA,craigslist_newyork
"2021 Nissan rogue SV 47,658 miles",Nissan,2021,,Petrol,Unknown,9000.0,USA,craigslist_newyork
2010 TOYOTA CAMRY,Toyota,2010,,Petrol,Unknown,999.0,USA,craigslist_newyork
"2015 Hyundai Accent.4dr liftback.Auto,All-power Runs NEW! Inspected!",Hyundai,2015,,Petrol,Unknown,3950.0,USA,craigslist_newyork
2023 VW TIGUAN,VW,2023,,Petrol,Unknown,19900.0,USA,craigslist_newyork
2013 TOYOTA PRIUS THREE,Toyota,2013,,Petrol,Unknown,9400.0,USA,craigslist_newyork
2015 Subaru Crosstrek · 2.0i Limited Sport Utility 4D,Subaru,2015,,Petrol,Unknown,7500.0,USA,craigslist_newyork
2014 Ford Police Interceptor Utility (FPIU),Ford,2014,,Petrol,Unknown,10200.0,USA,craigslist_newyork
2014 Toyota Corolla L/LE,Toyota,2014,,Petrol,Unknown,8999.0,USA,craigslist_newyork
2014 FORD FOCUS,Ford,2014,,Petrol,Unknown,3300.0,USA,craigslist_newyork
2017 BMW 540i XDRIVE,BMW,2017,,Petrol,Unknown,9500.0,USA,craigslist_newyork
2011 Ford Explorer,Ford,2011,,Petrol,Unknown,4999.0,USA,craigslist_newyork
2016 Nissan Rogue SL Sport,Nissan,2016,,Petrol,Unknown,10700.0,USA,craigslist_newyork
2013 Honda Civic EX-L Sedan,Honda,2013,,Petrol,Unknown,7900.0,USA,craigslist_newyork
2022,2022,2022,,Petrol,Unknown,17500.0,USA,craigslist_newyork
Nissan versa 2017 with 72k miles,Nissan,2017,,Petrol,Unknown,2450.0,USA,craigslist_newyork
2017 GMC SIERRA 4WD DENALI 85k miles,GMC,2017,,Petrol,Unknown,21500.0,USA,craigslist_newyork
2014 CHEVY EQUINOX ALL WHEEL DRIVE  MR DS AUTOMOBILES,Chevy,2014,,Petrol,Unknown,7490.0,USA,craigslist_newyork
2016  JEEP  GRAND CHEROKEE 4X4  MR DS AUTOMOBILES,Jeep,2016,,Petrol,Unknown,9900.0,USA,craigslist_newyork
2015 JEEP CHEROKEE   4X4  MR DS AUTOMOBILES,Jeep,2015,,Petrol,Unknown,8990.0,USA,craigslist_newyork
2015 JEEP COMPASS 4X4 MR DS AUTOMOBILES,Jeep,2015,,Petrol,Unknown,6990.0,USA,craigslist_newyork
2012 CHRYLER 200 LIMITED  MR DS AUTOMOBILES,2012,2012,,Petrol,Unknown,6900.0,USA,craigslist_newyork
2012 JEEP LIBERTY LIMITED 4X4 MR DS AUTOMOBILES,Jeep,2012,,Petrol,Unknown,6990.0,USA,craigslist_newyork
2017 Ford Escape Ecoboost SE,Ford,2017,,Petrol,Unknown,7499.0,USA,craigslist_newyork
2013 MAZDA 3  MR DS AUTOMOBILES,Mazda,2013,,Petrol,Unknown,6990.0,USA,craigslist_newyork
2017 CHEVY CRUZE HATCHBACK MR DS AUTOMOBILES,Chevy,2017,,Petrol,Unknown,8900.0,USA,craigslist_newyork
2015 JEEP RENEGADE 4X4  MR DS AUTOMOBILES,Jeep,2015,,Petrol,Unknown,7990.0,USA,craigslist_newyork
2017 CHEVY EQUINOX  MR DS AUTOMOBILES,Chevy,2017,,Petrol,Unknown,7900.0,USA,craigslist_newyork
2016 DODGE JOURNEY  MR DS AUTOMOBILES,Dodge,2016,,Petrol,Unknown,7900.0,USA,craigslist_newyork
2016 VW Tiguan SE 4 Motion,VW,2016,,Petrol,Unknown,7770.0,USA,craigslist_newyork
2013 Mercedes-Benz M-Class ML 350 4Matic AWD,2013,2013,,Petrol,Unknown,9100.0,USA,craigslist_newyork
2000 lexus es300,Lexus,2000,,Petrol,Unknown,1200.0,USA,craigslist_newyork
2020 Ford transit Connect wheelchair  160k. Bla,Ford,2020,,Petrol,Unknown,15500.0,USA,craigslist_newyork
2005 Honda Civic Coupe,Honda,2005,,Petrol,Unknown,2800.0,USA,craigslist_newyork
Acura ilx 2013,Acura,2013,,Petrol,Unknown,8000.0,USA,craigslist_newyork
2009 Nissan Versa Sedan (106k Miles),Nissan,2009,,Petrol,Unknown,2450.0,USA,craigslist_newyork
2006 Toyota 4runner for sale,Toyota,2006,,Petrol,Unknown,10000.0,USA,craigslist_newyork
2013 Volkswagen Jetta,Volkswagen,2013,,Petrol,Unknown,3900.0,USA,craigslist_newyork
BMW X3 2014,BMW,2014,,Petrol,Unknown,7500.0,USA,craigslist_newyork
2005 Toyota Rav4,Toyota,2005,,Petrol,Unknown,3880.0,USA,craigslist_newyork
2011 Toyota Corolla LE,Toyota,2011,,Petrol,Unknown,8659.0,USA,craigslist_newyork
2003 Honda CRV LX ONLY 112K MILES ALL ORIGINAL,Honda,2003,,Petrol,Unknown,3950.0,USA,craigslist_newyork
2013 ford E250 xlt Extended ....Cargo Van,Ford,2013,,Petrol,Unknown,3500.0,USA,craigslist_newyork
2018 Dodge Grand Caravan SXT Excellent Condition 1-Owner!,Dodge,2018,,Petrol,Unknown,8500.0,USA,craigslist_newyork
2015 ford explorer xlt sport,Ford,2015,,Petrol,Unknown,11900.0,USA,craigslist_newyork
2005 Toyota Camry 100k Miles One Owner 4 Cylinder Great On Gas,Toyota,2005,,Petrol,Unknown,2650.0,USA,craigslist_newyork
2018 Ford Explorer Platinum,Ford,2018,,Petrol,Unknown,12500.0,USA,craigslist_newyork
2005 GMC Yukon Denali XL,GMC,2005,,Petrol,Unknown,4000.0,USA,craigslist_newyork
2019 Honda Pilot EX-L,Honda,2019,,Petrol,Unknown,13900.0,USA,craigslist_newyork
2012 Subaru Impreza,Subaru,2012,,Petrol,Unknown,5300.0,USA,craigslist_newyork
2017 Toyota Rav- Le. 180k   1st OWNER,Toyota,2017,,Petrol,Unknown,7900.0,USA,craigslist_newyork
2010 Chevy Silverado extended cab Z 71,Chevy,2010,,Petrol,Unknown,3500.0,USA,craigslist_newyork
2006 Cadillac CTS,Cadillac,2006,,Petrol,Unknown,2400.0,USA,craigslist_newyork
2007 TOYOTA COROLLA runs and drives good,Toyota,2007,,Petrol,Unknown,3650.0,USA,craigslist_newyork
2012 Toyota Rav 4,Toyota,2012,,Petrol,Unknown,5000.0,USA,craigslist_newyork
2007 Silverado 2500,2007,2007,,Petrol,Unknown,3500.0,USA,craigslist_newyork
2019 Mercedes-Benz Cargo Sprinter 2500,2019,2019,,Petrol,Unknown,16000.0,USA,craigslist_newyork
2019 Chevrolet suburban,Chevrolet,2019,,Petrol,Unknown,13000.0,USA,craigslist_newyork
2018 Toyota corolla,Toyota,2018,,Petrol,Unknown,12400.0,USA,craigslist_newyork
2003 Toyota 4Runner,Toyota,2003,,Petrol,Unknown,9500.0,USA,craigslist_newyork
2012 Ford e250 van,Ford,2012,,Petrol,Unknown,13000.0,USA,craigslist_newyork
2012 Mercedes Benz E550 Convertible,Mercedes,2012,,Petrol,Unknown,6000.0,USA,craigslist_newyork
2006 Chevy C5500 Rollback For Sale,Chevy,2006,,Petrol,Unknown,30000.0,USA,craigslist_newyork
2014 Nissan MURANO SL. CLEAN!!✅️,Nissan,2014,,Petrol,Unknown,3900.0,USA,craigslist_newyork
2020 Toyota 4Runner TRD Off Road,Toyota,2020,,Petrol,Unknown,34650.0,USA,craigslist_newyork
2016 Audi A4 2.0 Quattro premium plus,Audi,2016,,Petrol,Unknown,9780.0,USA,craigslist_newyork
2013 VW Passat TDI SE,VW,2013,,Petrol,Unknown,2500.0,USA,craigslist_newyork
2016 Jeep Renegade,Jeep,2016,,Petrol,Unknown,2800.0,USA,craigslist_newyork
2004 Chevrolet Express Cutaway 3500 Cutaway Van,Chevrolet,2004,,Petrol,Unknown,14500.0,USA,craigslist_newyork
2011 FORD EXPLORER LIMITED,Ford,2011,,Petrol,Unknown,3995.0,USA,craigslist_newyork
2019 Ram ProMaster City !!! Excellent Condition!!!,Ram,2019,,Petrol,Unknown,10700.0,USA,craigslist_newyork
2015 Acura MDX SH -awd!!! Excellent Condition,Acura,2015,,Petrol,Unknown,10700.0,USA,craigslist_newyork
2019 Nissan Sentra S,Nissan,2019,,Petrol,Unknown,6500.0,USA,craigslist_newyork
2009 Volkswagen Jetta Sedan Wolfsburg Edition Low miles,Volkswagen,2009,,Petrol,Unknown,4300.0,USA,craigslist_newyork
2013 Ford Escape SE AWD,Ford,2013,,Petrol,Unknown,4500.0,USA,craigslist_newyork
2014 Honda Crv Awd 168k 1 owner,Honda,2014,,Petrol,Unknown,8500.0,USA,craigslist_newyork
2015 toyota Avalon LE,Toyota,2015,,Petrol,Unknown,10000.0,USA,craigslist_newyork
2016 Mazda 3,Mazda,2016,,Petrol,Unknown,5800.0,USA,craigslist_newyork
Must See: 2012 Subaru Legacy 2.5 Liter (Gas Saver) Excel Condition,Subaru,2012,,Petrol,Unknown,2450.0,USA,craigslist_newyork
honda 2000,Honda,2000,,Petrol,Unknown,1650.0,USA,craigslist_newyork
2006 Honda Odyssey Low Miles!!,Honda,2006,,Petrol,Unknown,4950.0,USA,craigslist_newyork
2014 Honda Civic SI - Manual Transmission- FOR SALE,Honda,2014,,Petrol,Unknown,16500.0,USA,craigslist_newyork
2004 E Series Cutaway Utility Box Van with Aluminum Ramp to transport,2004,2004,,Petrol,Unknown,11500.0,USA,craigslist_newyork
2010 GMC TERRAIN SLT-1,GMC,2010,,Petrol,Unknown,3995.0,USA,craigslist_newyork
2014 Ford Focus,Ford,2014,,Petrol,Unknown,1350.0,USA,craigslist_newyork
2012 Audi Q5,Audi,2012,,Petrol,Unknown,6800.0,USA,craigslist_newyork
2012 Jeep Wrangler Sport 2 Door runs like new,Jeep,2012,,Petrol,Unknown,3900.0,USA,craigslist_newyork
2016 NISSAN ROGUE SV AWD 1 OWNER  NEW LOW MILES  QUICK SALE $8499,Nissan,2016,,Petrol,Unknown,8499.0,USA,craigslist_newyork
2016 Ford Transit Connect LBW Extended 97K miles,Ford,2016,,Petrol,Unknown,7800.0,USA,craigslist_newyork
2016 Dodge Dart sxt runs excellent looks good all power automatic,Dodge,2016,,Petrol,Unknown,2000.0,USA,craigslist_newyork
2020 Honda Odyssay EX-L,Honda,2020,,Petrol,Unknown,17300.0,USA,craigslist_newyork
2018 Honda CR-V EX,Honda,2018,,Petrol,Unknown,14500.0,USA,craigslist_newyork
2014 KIA OPTIMA SXL TURBO,Kia,2014,,Petrol,Unknown,9500.0,USA,craigslist_newyork
2009 Nissan Murano S AWD SUV $4500,Nissan,2009,,Petrol,Unknown,4500.0,USA,craigslist_newyork
2023 Tesla Model Y,Tesla,2023,,Petrol,Unknown,25000.0,USA,craigslist_newyork
Honda Civic Lx 2019,Honda,2019,,Petrol,Unknown,10900.0,USA,craigslist_newyork
TAKE IT TODAY************2011 INFINITI G37X AWD 4DR SEDAN ************,Infiniti,2011,,Petrol,Unknown,3000.0,USA,craigslist_newyork
2017 DODGE GRAND CARAVAN SXT PLUS 95K MILES $5500,Dodge,2017,,Petrol,Unknown,5500.0,USA,craigslist_newyork
2009 Honda fit Hatchback,Honda,2009,,Petrol,Unknown,2395.0,USA,craigslist_newyork
2009 Chevrolet Equinox LTZ,Chevrolet,2009,,Petrol,Unknown,1895.0,USA,craigslist_newyork
2020 jeep grand Cherokee Trailhawk,Jeep,2020,,Petrol,Unknown,23500.0,USA,craigslist_newyork
*********2005 DODGE RAM 1500 V8 (CREWCAB)(CUSTOM)PICKUP TRUCK******,Dodge,2005,,Petrol,Unknown,2500.0,USA,craigslist_newyork
2009 CL550 4Matic fully loaded p3 Package runs great looks beautiful,2009,2009,,Petrol,Unknown,7400.0,USA,craigslist_newyork
2015 Honda Pilot EX-L 4WD Fully Loaded,Honda,2015,,Petrol,Unknown,9900.0,USA,craigslist_newyork
Nissan Sentra sedan 2007,Nissan,2007,,Petrol,Unknown,2500.0,USA,craigslist_newyork
2015 INFINITI Q40 Sedan 4D,Infiniti,2015,,Petrol,Unknown,9300.0,USA,craigslist_newyork
2016 Hyundai Sonata Sport Sedan,Hyundai,2016,,Petrol,Unknown,8700.0,USA,craigslist_newyork
2010 Toyota Prius IV,Toyota,2010,,Petrol,Unknown,9500.0,USA,craigslist_newyork
2013 Kia Soul,Kia,2013,,Petrol,Unknown,5700.0,USA,craigslist_newyork
2011 BMW 328 for aale,BMW,2011,,Petrol,Unknown,5000.0,USA,craigslist_newyork
2014 GMC Yukon,GMC,2014,,Petrol,Unknown,6000.0,USA,craigslist_newyork
2018 Porsche Panamera 4 Base Hybrid,Porsche,2018,,Petrol,Unknown,32900.0,USA,craigslist_newyork
2009 Kia Rio Low Miles!,Kia,2009,,Petrol,Unknown,2900.0,USA,craigslist_newyork
2010 Toyota Rav 4 Low Miles!,Toyota,2010,,Petrol,Unknown,5800.0,USA,craigslist_newyork
2015 Kia Forte GDI EX Low miles!,Kia,2015,,Petrol,Unknown,4000.0,USA,craigslist_newyork
2011 Nissan Juke V4 Low Miles!,Nissan,2011,,Petrol,Unknown,4000.0,USA,craigslist_newyork
2011 Nissan Versa Low Miles!,Nissan,2011,,Petrol,Unknown,3000.0,USA,craigslist_newyork
2007 Hyundai Sonata 79K Miles!,Hyundai,2007,,Petrol,Unknown,4000.0,USA,craigslist_newyork
2013 Honda CRV 88K miles!,Honda,2013,,Petrol,Unknown,10000.0,USA,craigslist_newyork
"2013 BMW 328i XDrive 61,000 Miles!",BMW,2013,,Petrol,Unknown,9500.0,USA,craigslist_newyork
2009 Nissan Rogue Fulled Loaded 4WD,Nissan,2009,,Petrol,Unknown,3500.0,USA,craigslist_newyork
2009 Lexus Rx 350 Low miles! AWD,Lexus,2009,,Petrol,Unknown,6000.0,USA,craigslist_newyork
2015 Subaru Outback AWD Premium,Subaru,2015,,Petrol,Unknown,5500.0,USA,craigslist_newyork
2001 Honda Civic Low Miles!,Honda,2001,,Petrol,Unknown,3900.0,USA,craigslist_newyork
2015 Infiniti Q40,Infiniti,2015,,Petrol,Unknown,3200.0,USA,craigslist_newyork
2007 Toyota Corolla for sale by owner,Toyota,2007,,Petrol,Unknown,2395.0,USA,craigslist_newyork
"2022 Acura ILX Sedan 4D - 50,075 Miles - Red Leather Interior - Clean",Acura,2022,,Petrol,Unknown,22800.0,USA,craigslist_newyork
VOLVO S60 T5 2014,Volvo,2014,,Petrol,Unknown,4400.0,USA,craigslist_newyork
2020 Jeep Grand Cherokee,Jeep,2020,,Petrol,Unknown,18900.0,USA,craigslist_newyork
Mint 2002 Chevy Corvette,Chevy,2002,,Petrol,Unknown,15950.0,USA,craigslist_newyork
2010 bmw 650i convertible,BMW,2010,,Petrol,Unknown,8500.0,USA,craigslist_newyork
2017 Toyota Corolla,Toyota,2017,,Petrol,Unknown,9000.0,USA,craigslist_newyork
2008 BMW 550i MSport 89k,BMW,2008,,Petrol,Unknown,9000.0,USA,craigslist_newyork
2016 528i BMW Sedan 4D,BMW,2016,,Petrol,Unknown,12000.0,USA,craigslist_newyork
2018 TOYOTA RAV 4 XLE AWD BLACK BEAUTY $9999,Toyota,2018,,Petrol,Unknown,9999.0,USA,craigslist_newyork
2016 Didge Grand Caravan SXT,2016,2016,,Petrol,Unknown,4750.0,USA,craigslist_newyork
2017 toyota sienna xle,Toyota,2017,,Petrol,Unknown,14500.0,USA,craigslist_newyork
2007 TOYOTA CAMRY HYBRID,Toyota,2007,,Petrol,Unknown,2750.0,USA,craigslist_newyork
Smart car For two 2016,Smart,2016,,Petrol,Unknown,10000.0,USA,craigslist_newyork
2012 Volvo xc70 T6 awd 3.2 super clean,Volvo,2012,,Petrol,Unknown,2999.0,USA,craigslist_newyork
2007 Dodge Ram 1500 Pickup,Dodge,2007,,Petrol,Unknown,6500.0,USA,craigslist_newyork
2022 Kia Forte FE,Kia,2022,,Petrol,Unknown,9500.0,USA,craigslist_newyork
HONDA ODISSEY EX  2015,Honda,2015,,Petrol,Unknown,12950.0,USA,craigslist_newyork
2005 Nissan Murano SL AWD. 1 Owner! Very low Miles! Very reliable SUV,Nissan,2005,,Petrol,Unknown,4500.0,USA,craigslist_newyork
2020 Nissan Rogue sv,Nissan,2020,,Petrol,Unknown,10900.0,USA,craigslist_newyork
2019 gmc terrain ale awd,GMC,2019,,Petrol,Unknown,10900.0,USA,craigslist_newyork
2017 Acura mdx,Acura,2017,,Petrol,Unknown,10900.0,USA,craigslist_newyork
2019 Infiniti qx50 awd,Infiniti,2019,,Petrol,Unknown,10900.0,USA,craigslist_newyork
2018 Infiniti qx60,Infiniti,2018,,Petrol,Unknown,8900.0,USA,craigslist_newyork
2018 nissan rogue sv,Nissan,2018,,Petrol,Unknown,8900.0,USA,craigslist_newyork
2019 nissan murano platinum,Nissan,2019,,Petrol,Unknown,13900.0,USA,craigslist_newyork
2017 ford explorer limited,Ford,2017,,Petrol,Unknown,8900.0,USA,craigslist_newyork
2017 ford explorer xlt,Ford,2017,,Petrol,Unknown,9900.0,USA,craigslist_newyork
2017 Nissan rogue sports sl,Nissan,2017,,Petrol,Unknown,8900.0,USA,craigslist_newyork
2018 jeep grand Cherokee overland,Jeep,2018,,Petrol,Unknown,12500.0,USA,craigslist_newyork
2021 dodge charger,Dodge,2021,,Petrol,Unknown,12900.0,USA,craigslist_newyork
2016 jeep grand Cherokee overland,Jeep,2016,,Petrol,Unknown,10900.0,USA,craigslist_newyork
2018 dodge ram crew cab pickup,Dodge,2018,,Petrol,Unknown,14900.0,USA,craigslist_newyork
2022 Chevy trailblazer lt,Chevy,2022,,Petrol,Unknown,14900.0,USA,craigslist_newyork
2011 Chevy Colorado,Chevy,2011,,Petrol,Unknown,4500.0,USA,craigslist_newyork
2012 Lexus RX350,Lexus,2012,,Petrol,Unknown,8500.0,USA,craigslist_newyork
2013 Toyota Prius,Toyota,2013,,Petrol,Unknown,4900.0,USA,craigslist_newyork
2019 Chevrolet Silverado,Chevrolet,2019,,Petrol,Unknown,14500.0,USA,craigslist_newyork
2009 Mercedes ML 350,Mercedes,2009,,Petrol,Unknown,3900.0,USA,craigslist_newyork
2008 INFINITI EX35 4WD GOLD COLOR,Infiniti,2008,,Petrol,Unknown,2999.0,USA,craigslist_newyork
2012 Mercedes Benz E550 Convertible,Mercedes,2012,,Petrol,Unknown,6000.0,USA,craigslist_newyork
1995 Buick LeSabre 86K Miles,Buick,1995,,Petrol,Unknown,3000.0,USA,craigslist_newyork
2007 Subaru Impreza Sport,Subaru,2007,,Petrol,Unknown,1800.0,USA,craigslist_newyork
2013 misubishi outlander,2013,2013,,Petrol,Unknown,3999.0,USA,craigslist_newyork
2025 TOYOTA CAMRY LE HYBRID 45K MILES,Toyota,2025,,Petrol,Unknown,24000.0,USA,craigslist_newyork
Look 2008 mercedes s550 4matic AWD,Mercedes,2008,,Petrol,Unknown,2500.0,USA,craigslist_newyork
Honda accord Ex-L 2005,Honda,2005,,Petrol,Unknown,2600.0,USA,craigslist_newyork
2011 Toyota Rav4 For Sell,Toyota,2011,,Petrol,Unknown,7800.0,USA,craigslist_newyork
2005 TOYOTA RAV4 SPORT 4 DOOR WAGON/SPORT UTILITY,Toyota,2005,,Petrol,Unknown,5995.0,USA,craigslist_newyork
2014 ford escape titanium fully loaded,Ford,2014,,Petrol,Unknown,5500.0,USA,craigslist_newyork
1998 Porsche Red Boxster Convertible,Porsche,1998,,Petrol,Unknown,5500.0,USA,craigslist_newyork
"2019 Ram 1500 Big Horn/Lone Star 4x4 Crew Cab 5'7"" Box",Ram,2019,,Petrol,Unknown,22000.0,USA,craigslist_newyork
2006 Toyota Corolla ce 4-dr,Toyota,2006,,Petrol,Unknown,2900.0,USA,craigslist_newyork
2014 Mazda 6 Grand Touring Toyota Honda,Mazda,2014,,Petrol,Unknown,3250.0,USA,craigslist_newyork
2014 Chrysler Town & Country 30Anniv Luxury Minivan,Chrysler,2014,,Petrol,Unknown,6200.0,USA,craigslist_newyork
2008 Ford explorer,Ford,2008,,Petrol,Unknown,999.0,USA,craigslist_newyork
2011 Nissan quest SV minivan super clean!!!,Nissan,2011,,Petrol,Unknown,4900.0,USA,craigslist_newyork
2012 Jaguar XJ,2012,2012,,Petrol,Unknown,10000.0,USA,craigslist_newyork
"2015 Chevrolet Tahoe LS 4X4 , runs great , title on hand.",Chevrolet,2015,,Petrol,Unknown,11000.0,USA,craigslist_newyork
2017 Toyota Camry LE. only One Camry  left,Toyota,2017,,Petrol,Unknown,3900.0,USA,craigslist_newyork
Selling a 2012 Nissan Juke SV with All-Wheel Drive (AWD).,Nissan,2012,,Petrol,Unknown,1400.0,USA,craigslist_newyork
2014 ford e250 cargo van,Ford,2014,,Petrol,Unknown,4900.0,USA,craigslist_newyork
Turnkey 2007 Chevrolet Express Mobile Detailing Van – Fully Equipped,Chevrolet,2007,,Petrol,Unknown,7500.0,USA,craigslist_newyork
2002 Mercedes Benz E320 4Matic,Mercedes,2002,,Petrol,Unknown,3500.0,USA,craigslist_newyork
2013 Lexus RX 350 Low Miles 1-Owner!,Lexus,2013,,Petrol,Unknown,16500.0,USA,craigslist_newyork
2018 Honda Accord Touring,Honda,2018,,Petrol,Unknown,13500.0,USA,craigslist_newyork
"2019 Ford transit 350 hd cargo van High Roof 45,000 miles",Ford,2019,,Petrol,Unknown,7500.0,USA,craigslist_newyork
"2019 Honda accord SE Sedan 4D 41,890 miles",Honda,2019,,Petrol,Unknown,8000.0,USA,craigslist_newyork
2010 Toyota Camry Hybrid,Toyota,2010,,Petrol,Unknown,2700.0,USA,craigslist_newyork
2016 KIA Sedona minivan,Kia,2016,,Petrol,Unknown,7500.0,USA,craigslist_newyork
2008 Ford f250 SD 4x4,Ford,2008,,Petrol,Unknown,4000.0,USA,craigslist_newyork
2010 Audi A8 L 4.2 for sale,Audi,2010,,Petrol,Unknown,3100.0,USA,craigslist_newyork
2011 Chrysler 200 Convertible Limited for sale,Chrysler,2011,,Petrol,Unknown,4900.0,USA,craigslist_newyork
2018 Hyundai Santa Fe Sport 2.0T Ultimate Sport Utility 4D AWD/4WD,Hyundai,2018,,Petrol,Unknown,15425.0,USA,craigslist_newyork
2006 ford f350 diesel,Ford,2006,,Petrol,Unknown,6500.0,USA,craigslist_newyork
2020 jeep wrangler freedom Oscar Mike w/zurich warranty,Jeep,2020,,Petrol,Unknown,27999.0,USA,craigslist_newyork
2022 toyota camry se low miles,Toyota,2022,,Petrol,Unknown,23500.0,USA,craigslist_newyork
2020 Ford transit high roof,Ford,2020,,Petrol,Unknown,21500.0,USA,craigslist_newyork
2006 Altima 3.5,2006,2006,,Petrol,Unknown,1499.0,USA,craigslist_newyork
2009 Nissan Rogue,Nissan,2009,,Petrol,Unknown,1350.0,USA,craigslist_newyork
2008 volvo Xc 90 v8,Volvo,2008,,Petrol,Unknown,6999.0,USA,craigslist_newyork
2010 Acura TL Tech Package,Acura,2010,,Petrol,Unknown,5500.0,USA,craigslist_newyork
1997 Chevrolet K 1500 Cheyenne,Chevrolet,1997,,Petrol,Unknown,4900.0,USA,craigslist_newyork
2005 Land Rover LR3,Land,2005,,Petrol,Unknown,1800.0,USA,craigslist_newyork
2007 FREIGHTLINER M2 ROLL OFF TRUCK,2007,2007,,Petrol,Unknown,38000.0,USA,craigslist_newyork
2015 Audi A6 3.0T Premium Quattro Sedan,Audi,2015,,Petrol,Unknown,6299.0,USA,craigslist_newyork
2018 Nissan Maxima,Nissan,2018,,Petrol,Unknown,11499.0,USA,craigslist_newyork
2020 TESLA MODEL 3 SR PLUS 81K MILES $13500,Tesla,2020,,Petrol,Unknown,13500.0,USA,craigslist_newyork
2013 TOYOTA SIENNA LE 97K MILES $7500,Toyota,2013,,Petrol,Unknown,7500.0,USA,craigslist_newyork
2017 TOYOTA CAMRY SE EDITION 104K MILES $7500,Toyota,2017,,Petrol,Unknown,7500.0,USA,craigslist_newyork
2018 NISSAN ALTIMA SV,Nissan,2018,,Petrol,Unknown,5499.0,USA,craigslist_newyork
2009 Volkswagen Eos 2.0T,Volkswagen,2009,,Petrol,Unknown,3400.0,USA,craigslist_newyork
2010 Toyota Sienna XLE Braunability Wheelchair Van,Toyota,2010,,Petrol,Unknown,20500.0,USA,craigslist_newyork
2013 Cadillac Escalade For Sale,Cadillac,2013,,Petrol,Unknown,13000.0,USA,craigslist_newyork
2003 Ford Focus for Sale,Ford,2003,,Petrol,Unknown,2500.0,USA,craigslist_newyork
Toyota Corolla 2014,Toyota,2014,,Petrol,Unknown,4200.0,USA,craigslist_newyork
"2006 RAV4 / 98,000 Miles For Sell",2006,2006,,Petrol,Unknown,6800.0,USA,craigslist_newyork
2017 Lexus NX 200t,Lexus,2017,,Petrol,Unknown,23000.0,USA,craigslist_newyork
